{
  "label": "basic_aniline",
  "mode": "direct",
  "criterion": "bic",
  "max_complexity": 20,
  "corr_threshold": 0.95,
  "n_features_pruned_pool": 800,
  "chosen_top_k": 4,
  "selected_features": [
    "rc_decay_q",
    "rc_q_r1_max",
    "ATSC8c",
    "BCUTc-1h"
  ],
  "edge_count": 14,
  "sympy_ops": 31,
  "formula": "7.907*(3.198*rc_decay_q - 0.7368*ATSC8c + 0.7834)*tanh((0.6941 - 25.72*rc_q_r1_max)*(19.29*BCUTc-1h - 5.562)) + 7.907*exp(-2.0*(-3.472*rc_decay_q - 0.7774)**2 - 2.0*(4.185*rc_decay_q + 1.556)**2*(22.8*rc_q_r1_max - 1.961)**2) + 5.303",
  "cv_selection": [
    {
      "top_k": 4,
      "cv_r2_mean": 0.5248902640898827,
      "cv_r2_std": 0.057417905022397776,
      "folds": [
        0.45066407586806434,
        0.5218088189311211,
        0.6119176575395153,
        0.5151705040208303
      ]
    },
    {
      "top_k": 6,
      "cv_r2_mean": 0.5097650280734922,
      "cv_r2_std": 0.07541772949760048,
      "folds": [
        0.38903081454803157,
        0.5325111434614774,
        0.5965503851451168,
        0.5209677691393433
      ]
    },
    {
      "top_k": 8,
      "cv_r2_mean": 0.5330288076046182,
      "cv_r2_std": 0.052929527250928914,
      "folds": [
        0.45899041450916533,
        0.5374379141367764,
        0.6083459000332114,
        0.5273410017393196
      ]
    }
  ],
  "cv_best_mean_r2": 0.5330288076046182,
  "train_metrics": {
    "n": 304,
    "r2": 0.6255023716967636,
    "rmse": 1.7488480517835718,
    "mae": 1.279816711258607
  },
  "test_metrics": {
    "n": 113,
    "r2": 0.422317336612017,
    "rmse": 2.2590881499013125,
    "mae": 1.518366038211184
  },
  "elapsed_sec": 257.6
}