{
  "label": "acidic_other",
  "engine": "pysr",
  "selected_features": [
    "RNCG",
    "BCUTc-1h",
    "TopoPSA",
    "BCUTd-1l",
    "AMID_O",
    "MAXdssC",
    "PEOE_VSA8",
    "ATSC0c",
    "BalabanJ",
    "MinAbsEStateIndex",
    "BCUTdv-1h",
    "AATSC4i"
  ],
  "complexity": 3,
  "loss": 8.739228,
  "formula": "3.1396294 / BCUTc-1h",
  "train_metrics": {
    "n": 397,
    "r2": 0.1366768550798857,
    "rmse": 2.956218881539881,
    "mae": 2.405944540357192
  },
  "test_metrics": {
    "n": 138,
    "r2": 0.07590922424234448,
    "rmse": 3.365451627214661,
    "mae": 2.7340799219613605
  },
  "oracle_best_on_test_r2": 0.2318073432754192
}