{
  "label": "acidic_aromatic_N",
  "mode": "direct",
  "criterion": "bic",
  "max_complexity": 20,
  "corr_threshold": 0.95,
  "n_features_pruned_pool": 31,
  "chosen_top_k": 8,
  "selected_features": [
    "rc_decay_q",
    "rc_decay_en",
    "rc_q_r3_sum",
    "rc_estate_r1_sum",
    "rc_estate_r2_sum",
    "rc_q_center",
    "rc_decay_ewg",
    "rc_q_r1_min"
  ],
  "edge_count": 9,
  "sympy_ops": 21,
  "formula": "-3.175*rc_decay_ewg + 5.556*exp(-2.0*(0.02872*rc_estate_r2_sum - 0.01228)**2 - 2.0*(-3.805*rc_decay_q + exp((-12.93*rc_q_center - 4.239)**2) - 1.529)**2) + 8.42",
  "cv_selection": [
    {
      "top_k": 4,
      "cv_r2_mean": 0.016833601183488894,
      "cv_r2_std": 0.02701329915041876,
      "folds": [
        -0.029588852967758816,
        0.03202375110016331,
        0.027687400618337632,
        0.03721210598321345
      ]
    },
    {
      "top_k": 6,
      "cv_r2_mean": 0.29191182074109945,
      "cv_r2_std": 0.05956538386552673,
      "folds": [
        0.32069760728552066,
        0.30901969384662054,
        0.1914481379324634,
        0.3464818438997933
      ]
    },
    {
      "top_k": 8,
      "cv_r2_mean": 0.42321101369657427,
      "cv_r2_std": 0.09139982083863932,
      "folds": [
        0.5014279219032125,
        0.41278318604871855,
        0.2777561647115778,
        0.5008767821227882
      ]
    }
  ],
  "cv_best_mean_r2": 0.42321101369657427,
  "train_metrics": {
    "n": 260,
    "r2": 0.5081980324932619,
    "rmse": 2.496397104965665,
    "mae": 1.7789619067813789
  },
  "test_metrics": {
    "n": 96,
    "r2": 0.5408002821470631,
    "rmse": 2.3638139703844883,
    "mae": 1.8420336045302725
  },
  "elapsed_sec": 213.1
}