{
  "label": "basic_r0_f2",
  "mode": "direct",
  "criterion": "bic",
  "max_complexity": 30,
  "corr_threshold": 0.95,
  "n_features_pruned_pool": 882,
  "chosen_top_k": 12,
  "selected_features": [
    "BCUTc-1h",
    "BCUT2D_MRLOW",
    "MID_N",
    "BCUTi-1h",
    "GATS4s",
    "MDEO-12",
    "MAXtsC",
    "AATSC4i",
    "RPCG",
    "MinPartialCharge",
    "BCUT2D_LOGPLOW",
    "GATS4dv"
  ],
  "edge_count": 14,
  "sympy_ops": 28,
  "formula": "11.71*(4.772 - 2.38*MAXtsC)*(1.896*BCUT2D_LOGPLOW + 4.502)*(0.3855*GATS4s - 0.7103)*(1.005*GATS4s + 0.313) - 1.777 + 11.71*exp(-2.0*(-0.5247*BCUT2D_LOGPLOW - 1.544)**2*(-4.036*BCUTc-1h - 1.117*MinPartialCharge - 0.06613)**2)",
  "cv_selection": [
    {
      "top_k": 8,
      "cv_r2_mean": 0.3341107859831531,
      "cv_r2_std": 0.02681229356935305,
      "folds": [
        0.299025109719699,
        0.34575652834341386,
        0.3706727848677275,
        0.3209887210017721
      ]
    },
    {
      "top_k": 12,
      "cv_r2_mean": 0.42055617914062793,
      "cv_r2_std": 0.02688225151708093,
      "folds": [
        0.38002415670018785,
        0.4549007323755714,
        0.4286040140101105,
        0.418695813476642
      ]
    },
    {
      "top_k": 20,
      "cv_r2_mean": 0.43516385934352886,
      "cv_r2_std": 0.037724786081483205,
      "folds": [
        0.3833885210230128,
        0.48854086686279297,
        0.44335092431936407,
        0.4253751251689457
      ]
    }
  ],
  "cv_best_mean_r2": 0.43516385934352886,
  "train_metrics": {
    "n": 2022,
    "r2": 0.4568453851048109,
    "rmse": 2.384930360305921,
    "mae": 1.8120093425362445
  },
  "test_metrics": {
    "n": 505,
    "r2": 0.3632835345477904,
    "rmse": 2.7134939303341787,
    "mae": 1.8756765312465047
  },
  "elapsed_sec": 762.3
}