{
  "label": "basic_fallback",
  "mode": "direct",
  "criterion": "bic",
  "max_complexity": 20,
  "corr_threshold": 0.95,
  "n_features_pruned_pool": 885,
  "chosen_top_k": 6,
  "selected_features": [
    "BCUTi-1h",
    "BCUTc-1h",
    "MID_h",
    "BCUT2D_MRLOW",
    "MID_N",
    "AATSC4i"
  ],
  "edge_count": 15,
  "sympy_ops": 30,
  "formula": "14.02*sqrt((0.2279*BCUT2D_MRLOW - 0.1108)*(-0.08557*MID_h + 0.1497*MID_N - 0.5113) + exp(-2.0*(29.83 - 2.092*BCUTi-1h)**2 - 2.0*(4.216*BCUTc-1h + (6.62 - 0.4011*BCUTi-1h)*(0.07666*MID_N - 0.6894)**2 - 1.03)**2)) + 0.2518",
  "cv_selection": [
    {
      "top_k": 4,
      "cv_r2_mean": 0.33478834688991793,
      "cv_r2_std": 0.0581546105100753,
      "folds": [
        0.2953485744723874,
        0.37144319059551634,
        0.4090673112473264,
        0.2632943112444417
      ]
    },
    {
      "top_k": 6,
      "cv_r2_mean": 0.3511934453262656,
      "cv_r2_std": 0.04097392016804862,
      "folds": [
        0.3225887112300524,
        0.3837791825120065,
        0.3983326866176792,
        0.3000732009453245
      ]
    },
    {
      "top_k": 8,
      "cv_r2_mean": 0.3645883495698077,
      "cv_r2_std": 0.05484074272813379,
      "folds": [
        0.307358883827211,
        0.37903460890503626,
        0.4477493655871245,
        0.3242105399598588
      ]
    }
  ],
  "cv_best_mean_r2": 0.3645883495698077,
  "train_metrics": {
    "n": 2527,
    "r2": 0.3672305400889666,
    "rmse": 2.6015477085966,
    "mae": 1.9448676813256511
  },
  "test_metrics": {
    "n": 42,
    "r2": 0.31261928817975815,
    "rmse": 3.28052675404757,
    "mae": 2.618315569623249
  },
  "elapsed_sec": 380.2
}