{
  "label": "acidic_other",
  "mode": "direct",
  "criterion": "bic",
  "max_complexity": 20,
  "corr_threshold": 0.95,
  "n_features_pruned_pool": 850,
  "chosen_top_k": 8,
  "selected_features": [
    "RNCG",
    "BCUTc-1h",
    "TopoPSA",
    "BCUTd-1l",
    "AMID_O",
    "MAXdssC",
    "PEOE_VSA8",
    "ATSC0c"
  ],
  "edge_count": 9,
  "sympy_ops": 29,
  "formula": "12.25*exp(-2.0*(0.1145 - 0.02752*TopoPSA)**2*(0.8109*AMID_O + exp(-2.0*(1.498 - 5.095*ATSC0c)**2 - 2.0*(1.242*MAXdssC - 0.02545)**2) - 0.3907)**2 - 2.0*(4.471*BCUTc-1h - 0.9839)**2) + 5.614",
  "cv_selection": [
    {
      "top_k": 4,
      "cv_r2_mean": 0.144531969167428,
      "cv_r2_std": 0.05985044056074451,
      "folds": [
        0.1914810905630293,
        0.11890092251229956,
        0.2088392583494656,
        0.05890660524491753
      ]
    },
    {
      "top_k": 6,
      "cv_r2_mean": 0.1527047637063611,
      "cv_r2_std": 0.042956380087747534,
      "folds": [
        0.18761009431904163,
        0.12092260917732167,
        0.20187599440576143,
        0.10041035692331968
      ]
    },
    {
      "top_k": 8,
      "cv_r2_mean": 0.21408287616342386,
      "cv_r2_std": 0.07077903955872149,
      "folds": [
        0.252993905001069,
        0.21494651144352273,
        0.2883572767231679,
        0.10003381148593582
      ]
    }
  ],
  "cv_best_mean_r2": 0.21408287616342386,
  "train_metrics": {
    "n": 397,
    "r2": 0.33304603140002687,
    "rmse": 2.5983510440228383,
    "mae": 2.069538667141708
  },
  "test_metrics": {
    "n": 138,
    "r2": 0.2686556759961558,
    "rmse": 2.993966817391737,
    "mae": 2.4279146097067033
  },
  "elapsed_sec": 281.8
}