model,r2,mae,rmse
hist_gradient_boosting,0.5241365728381293,0.42113957273019426,0.8753832667846064
xgboost,0.4894396563968888,0.4597829201267044,0.9067354935378504
random_forest,0.48038328843625033,0.43864097645531835,0.9147420246877532
ridge,0.3863578914656848,0.5577533323565482,0.9940647034081435
dummy_mean,-0.0001732047805524939,0.9550780146593837,1.2690966109186572
