{
  "model_name": "hist_gradient_boosting",
  "metrics": {
    "r2": 0.5241365728381293,
    "mae": 0.42113957273019426,
    "rmse": 0.8753832667846064,
    "interval_coverage": 0.9342476805163372,
    "mean_interval_width": 2.9450259202821942,
    "test_rows": 2479.0
  },
  "calibration_qhat": 1.472512960141097,
  "feature_columns": [
    "temperature_k",
    "pressure_bar",
    "anion_code",
    "ln_pressure_bar"
  ],
  "target_column": "ln_co2_solubility",
  "group_column": "cation_code",
  "train_profile": {
    "numeric": {
      "temperature_k": {
        "min": 273.15,
        "max": 453.15,
        "median": 323.15
      },
      "pressure_bar": {
        "min": 0.01,
        "max": 1050.1,
        "median": 24.75
      },
      "ln_pressure_bar": {
        "min": -4.605170185988091,
        "max": 6.956640676711948,
        "median": 3.2088254890146994
      }
    },
    "categorical": {
      "anion_code": [
        "A0004",
        "A0007",
        "A0011",
        "A0015",
        "A0020",
        "A0024",
        "A0030",
        "A0033",
        "A0044",
        "A0048",
        "A0049",
        "A0054",
        "A0055",
        "A0056",
        "A0064",
        "A0067",
        "A0071",
        "A0081",
        "A0084",
        "A0087",
        "A0090",
        "A0092",
        "A0109",
        "A0112",
        "A0117",
        "A0118",
        "A0141",
        "A0152",
        "A0155",
        "A0161",
        "A0179",
        "A0180",
        "A0182",
        "A0183",
        "A0184",
        "A0186",
        "A0188",
        "A0191",
        "A0194",
        "A0195",
        "A0196",
        "A0198",
        "A0199",
        "A0201",
        "A0202",
        "A0203",
        "A0207",
        "A0208",
        "A0209",
        "A0210",
        "A0212",
        "A0213"
      ]
    },
    "target_iqr": 1.3563717867488525,
    "train_rows": 6765,
    "calibration_rows": 1621,
    "test_rows": 2479,
    "leaderboard": [
      {
        "model": "hist_gradient_boosting",
        "r2": 0.5241365728381293,
        "mae": 0.42113957273019426,
        "rmse": 0.8753832667846064
      },
      {
        "model": "xgboost",
        "r2": 0.4894396563968888,
        "mae": 0.4597829201267044,
        "rmse": 0.9067354935378504
      },
      {
        "model": "random_forest",
        "r2": 0.48038328843625033,
        "mae": 0.43864097645531835,
        "rmse": 0.9147420246877532
      },
      {
        "model": "ridge",
        "r2": 0.3863578914656848,
        "mae": 0.5577533323565482,
        "rmse": 0.9940647034081435
      },
      {
        "model": "dummy_mean",
        "r2": -0.0001732047805524939,
        "mae": 0.9550780146593837,
        "rmse": 1.2690966109186572
      }
    ]
  },
  "alpha": 0.1
}