{
  "label": "acidic_carboxylic_acid",
  "mode": "direct",
  "criterion": "bic",
  "max_complexity": 20,
  "corr_threshold": 0.95,
  "n_features_pruned_pool": 21,
  "chosen_top_k": 4,
  "selected_features": [
    "rc_estate_r1_sum",
    "rc_q_r3_sum",
    "rc_decay_q",
    "rc_q_r2_sum"
  ],
  "edge_count": 11,
  "sympy_ops": 39,
  "formula": "3.793*exp(-2.0*(-3.863*rc_decay_q - 0.1038)**2 - 2.0*exp(-4.0*(0.03313*rc_q_r3_sum + 0.7287)**2 - 4.0*(5.987*rc_q_r3_sum + 1.712)**2)) + 3.793*exp(-2.0*(-5.688*rc_q_r2_sum - 1.845)**2 - 2.0*(-1.465*rc_estate_r1_sum - 4.946*rc_q_r2_sum - 1.795)**2) + 0.01514",
  "cv_selection": [
    {
      "top_k": 4,
      "cv_r2_mean": 0.6320375541026744,
      "cv_r2_std": 0.041081694452115784,
      "folds": [
        0.6588008091495714,
        0.5840708531534751,
        0.6845257497897035,
        0.6007528043179475
      ]
    },
    {
      "top_k": 6,
      "cv_r2_mean": 0.6345241089885267,
      "cv_r2_std": 0.028330195539349203,
      "folds": [
        0.6564882238863268,
        0.5909671018016192,
        0.6626069399512324,
        0.6280341703149286
      ]
    },
    {
      "top_k": 8,
      "cv_r2_mean": 0.6342832431469786,
      "cv_r2_std": 0.026566038938832543,
      "folds": [
        0.6556461640223817,
        0.6013622677816706,
        0.6647205183068834,
        0.6154040224769786
      ]
    }
  ],
  "cv_best_mean_r2": 0.6345241089885267,
  "train_metrics": {
    "n": 680,
    "r2": 0.6672456022561928,
    "rmse": 0.5691022093461656,
    "mae": 0.4176768519212161
  },
  "test_metrics": {
    "n": 221,
    "r2": 0.665209323754826,
    "rmse": 0.5483006978597427,
    "mae": 0.38210442393921723
  },
  "elapsed_sec": 275.9
}