{
  "label": "basic_imidazole_like",
  "mode": "direct",
  "criterion": "bic",
  "max_complexity": 20,
  "corr_threshold": 0.95,
  "n_features_pruned_pool": 728,
  "chosen_top_k": 4,
  "selected_features": [
    "AATS1p",
    "JGI5",
    "Mp",
    "GATS1c"
  ],
  "edge_count": 7,
  "sympy_ops": 17,
  "formula": "7.829 - 6.654*exp(-2.0*(1.037*GATS1c - 1.778)**2 - 2.0*(2.185*AATS1p - 5.707*JGI5 - 14.0*Mp + 6.468)**2)",
  "cv_selection": [
    {
      "top_k": 4,
      "cv_r2_mean": 0.3662742383408423,
      "cv_r2_std": 0.07152377221312968,
      "folds": [
        0.3881988068895684,
        0.46802963680803233,
        0.3358936335822267,
        0.27297487608354165
      ]
    },
    {
      "top_k": 6,
      "cv_r2_mean": 0.2892443170926816,
      "cv_r2_std": 0.04692503651394331,
      "folds": [
        0.3249226255062533,
        0.34620186358049876,
        0.24280067663890226,
        0.24305210264507227
      ]
    },
    {
      "top_k": 8,
      "cv_r2_mean": 0.3241877574788906,
      "cv_r2_std": 0.055962722913471444,
      "folds": [
        0.3910960862242876,
        0.36486950786884476,
        0.2878249235819229,
        0.2529605122405072
      ]
    }
  ],
  "cv_best_mean_r2": 0.3662742383408423,
  "train_metrics": {
    "n": 143,
    "r2": 0.45843259433649275,
    "rmse": 1.7342551467757006,
    "mae": 1.2481822106091285
  },
  "test_metrics": {
    "n": 50,
    "r2": 0.2985388168136712,
    "rmse": 1.6079823439222618,
    "mae": 1.2456354630309479
  },
  "elapsed_sec": 303.3
}