model,n,r2,rmse,mae
xgb_ensemble_mean(proper-train),843,0.7935520312808417,1.4757227010781326,0.9285351795991003
xgb_point(full-train),843,0.8424369001291868,1.289219035362148,0.8252052082897954
