{
  "label": "acidic_carboxylic_acid",
  "mode": "direct",
  "criterion": "bic",
  "max_complexity": 20,
  "corr_threshold": 0.95,
  "n_features_pruned_pool": 851,
  "chosen_top_k": 8,
  "selected_features": [
    "FilterItLogS",
    "BCUT2D_MRLOW",
    "GATS8c",
    "BCUTc-1h",
    "MinAbsPartialCharge",
    "BCUTi-1h",
    "ATSC2i",
    "BCUTc-1l"
  ],
  "edge_count": 10,
  "sympy_ops": 15,
  "formula": "1.307*(3.661*BCUTc-1l + 3.03)*(-0.002999*MinAbsPartialCharge + (6.075*BCUTc-1h - 3.793 - 0.0342/(6.93 - 9.939*BCUTc-1h))**2 - 1.264) + 4.211",
  "cv_selection": [
    {
      "top_k": 4,
      "cv_r2_mean": 0.49855491276479946,
      "cv_r2_std": 0.04929817540587641,
      "folds": [
        0.5630907566773978,
        0.4245199108422715,
        0.4994272032348831,
        0.5071817803046454
      ]
    },
    {
      "top_k": 6,
      "cv_r2_mean": 0.4965030526976994,
      "cv_r2_std": 0.034149201855313685,
      "folds": [
        0.5387199655405659,
        0.4653861349820596,
        0.5213877122325612,
        0.4605183980356109
      ]
    },
    {
      "top_k": 8,
      "cv_r2_mean": 0.5221776899678694,
      "cv_r2_std": 0.03365698007281679,
      "folds": [
        0.5763815270375929,
        0.4846115629290505,
        0.5091955378798567,
        0.5185221320249778
      ]
    }
  ],
  "cv_best_mean_r2": 0.5221776899678694,
  "train_metrics": {
    "n": 680,
    "r2": 0.5543234710504916,
    "rmse": 0.6586250600723377,
    "mae": 0.4815858536595878
  },
  "test_metrics": {
    "n": 221,
    "r2": 0.4511938647433775,
    "rmse": 0.7020072547026667,
    "mae": 0.48556069044011213
  },
  "elapsed_sec": 293.1
}