{
  "label": "acidic_imidazole_like",
  "mode": "direct",
  "criterion": "bic",
  "max_complexity": 20,
  "corr_threshold": 0.95,
  "n_features_pruned_pool": 29,
  "chosen_top_k": 4,
  "selected_features": [
    "rc_decay_q",
    "rc_estate_r1_sum",
    "rc_n_ionizable_sites",
    "rc_q_r1_max"
  ],
  "edge_count": 8,
  "sympy_ops": 18,
  "formula": "16.27 - 2.472*exp(4.062*rc_q_r1_max + exp(-2.0*(0.427*rc_n_ionizable_sites - 2.041)**2 - 2.0*(-4.542*rc_decay_q + 4.713*rc_q_r1_max - 0.1626)**2))",
  "cv_selection": [
    {
      "top_k": 4,
      "cv_r2_mean": 0.7169352312132498,
      "cv_r2_std": 0.07368814998448736,
      "folds": [
        0.8299566828642263,
        0.6934430441074749,
        0.6253395312652472,
        0.7190016666160506
      ]
    },
    {
      "top_k": 6,
      "cv_r2_mean": 0.701883992863296,
      "cv_r2_std": 0.08264345832164398,
      "folds": [
        0.8366177057690737,
        0.6630300769032748,
        0.6148257041918133,
        0.693062484589022
      ]
    },
    {
      "top_k": 8,
      "cv_r2_mean": 0.7207743558824645,
      "cv_r2_std": 0.06645361726750773,
      "folds": [
        0.804041021519321,
        0.6956756699403908,
        0.6268471149654347,
        0.756533617104712
      ]
    }
  ],
  "cv_best_mean_r2": 0.7207743558824645,
  "train_metrics": {
    "n": 84,
    "r2": 0.8463587200764257,
    "rmse": 0.8760202634444524,
    "mae": 0.7061446011009338
  },
  "test_metrics": {
    "n": 23,
    "r2": -0.07189111791738445,
    "rmse": 1.9198964974625181,
    "mae": 1.1953423592325798
  },
  "elapsed_sec": 230.8
}