{
  "label": "acidic_fallback",
  "mode": "direct",
  "criterion": "bic",
  "max_complexity": 20,
  "corr_threshold": 0.95,
  "n_features_pruned_pool": 31,
  "chosen_top_k": 8,
  "selected_features": [
    "rc_decay_q",
    "rc_q_r3_sum",
    "rc_estate_r2_sum",
    "rc_estate_center",
    "rc_decay_en",
    "rc_estate_r1_sum",
    "rc_q_r2_mean",
    "rc_q_center"
  ],
  "edge_count": 17,
  "sympy_ops": 50,
  "formula": "9.688*exp(-2.0*(0.7466*rc_q_center + 0.3178)**2 - 2.0*exp(-4.0*(-1.627*rc_q_r2_mean - 1.814*rc_q_center - 0.634)**2 - 4.0*(-2.305*rc_decay_q - 0.04279*rc_decay_en + exp(-2.0*(3.341*rc_q_center + 1.317)**2 - 2.0*exp(-4.0*(0.6359 - 1.349*rc_decay_q)**2*(1.754 - 0.1316*rc_estate_r2_sum)**2 - 4.0*(0.2506*rc_estate_center - 2.041)**2)) + 0.3422)**2)) + 0.2551",
  "cv_selection": [
    {
      "top_k": 4,
      "cv_r2_mean": 0.49809766121693466,
      "cv_r2_std": 0.016446503857320598,
      "folds": [
        0.4897420556269696,
        0.47922526072948535,
        0.5236549501122614,
        0.4997683783990222
      ]
    },
    {
      "top_k": 6,
      "cv_r2_mean": 0.510459464435568,
      "cv_r2_std": 0.015246027382989346,
      "folds": [
        0.5088110408095369,
        0.4994421756311257,
        0.5358377573104665,
        0.4977468839911431
      ]
    },
    {
      "top_k": 8,
      "cv_r2_mean": 0.547057096547209,
      "cv_r2_std": 0.024883074973803796,
      "folds": [
        0.5596669285701287,
        0.5173974009645994,
        0.5810046103281649,
        0.5301594463259429
      ]
    }
  ],
  "cv_best_mean_r2": 0.547057096547209,
  "train_metrics": {
    "n": 2321,
    "r2": 0.5820638780564152,
    "rmse": 2.184890455358661,
    "mae": 1.5266305119473793
  },
  "test_metrics": {
    "n": 32,
    "r2": 0.26817530406077883,
    "rmse": 3.3222048440247813,
    "mae": 2.354264313821858
  },
  "elapsed_sec": 338.9
}