{
  "label": "basic_prim_amine",
  "mode": "direct",
  "criterion": "bic",
  "max_complexity": 20,
  "corr_threshold": 0.95,
  "n_features_pruned_pool": 773,
  "chosen_top_k": 6,
  "selected_features": [
    "SlogP_VSA4",
    "rc_q_r1_sum",
    "rc_q_center",
    "MATS3se",
    "MATS3pe",
    "MinPartialCharge"
  ],
  "edge_count": 10,
  "sympy_ops": 23,
  "formula": "-11.96*rc_q_r1_sum - 3.458*(1.322*MATS3pe + 1.668 + 1/(-22.92*rc_q_r1_sum - 0.8801))*exp(-2.0*(9.715*rc_q_center + 2.581)**2 - 2.0*(3.743*MinPartialCharge + 1.26)**2) + 10.52",
  "cv_selection": [
    {
      "top_k": 4,
      "cv_r2_mean": 0.49525825486461167,
      "cv_r2_std": 0.05283555719591654,
      "folds": [
        0.49934576449976864,
        0.5457957813400502,
        0.5275430849654895,
        0.4083483886531385
      ]
    },
    {
      "top_k": 6,
      "cv_r2_mean": 0.6106986931207632,
      "cv_r2_std": 0.07898914289639301,
      "folds": [
        0.604707679381357,
        0.713359312056237,
        0.6320400613840973,
        0.4926877196613615
      ]
    },
    {
      "top_k": 8,
      "cv_r2_mean": 0.5711325452289766,
      "cv_r2_std": 0.1033182276080566,
      "folds": [
        0.5890867236824623,
        0.6952212339641951,
        0.5920082861524554,
        0.40821393711679377
      ]
    }
  ],
  "cv_best_mean_r2": 0.6106986931207632,
  "train_metrics": {
    "n": 184,
    "r2": 0.6869002472433267,
    "rmse": 0.6238511993853793,
    "mae": 0.4868313279364926
  },
  "test_metrics": {
    "n": 64,
    "r2": 0.618056993525404,
    "rmse": 0.7054791394374291,
    "mae": 0.5555280791937538
  },
  "elapsed_sec": 239.4
}