{
  "control": "y_randomization_qlattice",
  "chosen_k": 8,
  "n": 765,
  "r2": 0.0017503718312732452,
  "rmse": 3.3876768815742997,
  "mae": 2.910132204278893
}