model,r2,mae,rmse
xgboost,0.2528966680215763,0.5213572854613853,0.9318657880481419
ridge,0.2514270404676462,0.595175432330473,0.9327818747243048
random_forest,0.21829477213776027,0.5288794695907753,0.953201109460263
hist_gradient_boosting,0.2009484956474218,0.5352798987853532,0.9637189919619373
dummy_mean,-0.03279163893294812,0.8743467593834756,1.095643805420742
