{
  "label": "acidic_imidazole_like",
  "mode": "direct",
  "criterion": "bic",
  "max_complexity": 20,
  "corr_threshold": 0.95,
  "n_features_pruned_pool": 681,
  "chosen_top_k": 4,
  "selected_features": [
    "AATSC0i",
    "ATSC1d",
    "ATSC2c",
    "GATS3s"
  ],
  "edge_count": 10,
  "sympy_ops": 16,
  "formula": "-3.67*log(0.3224*AATSC0i - 0.3355)*tanh((1.204 - 3.541*ATSC2c)*(0.3307*ATSC1d - 0.2249) + 0.000573*exp(9.077*GATS3s)) + 5.223",
  "cv_selection": [
    {
      "top_k": 4,
      "cv_r2_mean": 0.13971991667337913,
      "cv_r2_std": 0.18238122521403333,
      "folds": [
        0.4209417783232683,
        0.044665301898673904,
        -0.07084010455957412,
        0.16411269103114845
      ]
    },
    {
      "top_k": 6,
      "cv_r2_mean": 0.17892069415960607,
      "cv_r2_std": 0.10829242550393806,
      "folds": [
        0.3662042519718247,
        0.10691568486942227,
        0.1227936073453395,
        0.11976923245183779
      ]
    },
    {
      "top_k": 8,
      "cv_r2_mean": 0.13486704320696655,
      "cv_r2_std": 0.1071786552822296,
      "folds": [
        0.24807350579591259,
        0.21884339215612514,
        -0.0213472558192751,
        0.09389853069510357
      ]
    }
  ],
  "cv_best_mean_r2": 0.17892069415960607,
  "train_metrics": {
    "n": 84,
    "r2": 0.6303738099647804,
    "rmse": 1.3587562717811619,
    "mae": 1.0324211955453997
  },
  "test_metrics": {
    "n": 23,
    "r2": -0.7521674341232698,
    "rmse": 2.454653990323638,
    "mae": 1.8859427042403367
  },
  "elapsed_sec": 282.6
}