{
  "label": "acidic_phenol",
  "mode": "direct",
  "criterion": "bic",
  "max_complexity": 20,
  "corr_threshold": 0.95,
  "n_features_pruned_pool": 837,
  "chosen_top_k": 4,
  "selected_features": [
    "rc_decay_q",
    "MATS8i",
    "BCUTc-1h",
    "MinAbsPartialCharge"
  ],
  "edge_count": 5,
  "sympy_ops": 10,
  "formula": "4.713*(1.989 - 3.194*BCUTc-1h)**2 - 4.713*tanh(6.398*rc_decay_q - 0.7351) + 3.562",
  "cv_selection": [
    {
      "top_k": 4,
      "cv_r2_mean": 0.7300333677495463,
      "cv_r2_std": 0.06025057240765364,
      "folds": [
        0.6381794286194488,
        0.8035986688331658,
        0.7550567469427525,
        0.7232986266028185
      ]
    },
    {
      "top_k": 6,
      "cv_r2_mean": 0.732629161501978,
      "cv_r2_std": 0.061882591135945984,
      "folds": [
        0.6398657287386729,
        0.8078320830923047,
        0.7626591311184658,
        0.7201597030584688
      ]
    },
    {
      "top_k": 8,
      "cv_r2_mean": 0.7287481805390388,
      "cv_r2_std": 0.0605465604731611,
      "folds": [
        0.6349536858150204,
        0.7996866561314602,
        0.7570976347142402,
        0.7232547454954343
      ]
    }
  ],
  "cv_best_mean_r2": 0.732629161501978,
  "train_metrics": {
    "n": 560,
    "r2": 0.7415897201074049,
    "rmse": 1.4190098660139914,
    "mae": 1.0486181382702207
  },
  "test_metrics": {
    "n": 197,
    "r2": 0.6247608684171411,
    "rmse": 1.6488113575594325,
    "mae": 1.2088280217629181
  },
  "elapsed_sec": 235.1
}