{
  "label": "acidic_thiol",
  "mode": "direct",
  "criterion": "bic",
  "max_complexity": 20,
  "corr_threshold": 0.95,
  "n_features_pruned_pool": 704,
  "chosen_top_k": 4,
  "selected_features": [
    "MaxPartialCharge",
    "BCUT2D_MRLOW",
    "MATS4c",
    "ATSC4pe"
  ],
  "edge_count": 12,
  "sympy_ops": 27,
  "formula": "10.35*(2.696 - 6.669*MaxPartialCharge)*(3.595*MaxPartialCharge - 0.3336)*(0.5437*BCUT2D_MRLOW + exp(-2.0*(1.016 - 4.074*MaxPartialCharge)**2 - 2.0*(-5.715*BCUT2D_MRLOW - 0.7439)**2) - 0.124 + 1/(0.839*ATSC4pe - 1.257)) + 6.682",
  "cv_selection": [
    {
      "top_k": 4,
      "cv_r2_mean": 0.5033828749558087,
      "cv_r2_std": 0.08927424802254971,
      "folds": [
        0.5583961112817835,
        0.3823692438086844,
        0.45882411322166783,
        0.6139420315110988
      ]
    },
    {
      "top_k": 6,
      "cv_r2_mean": 0.31312620092582166,
      "cv_r2_std": 0.15677406274455913,
      "folds": [
        0.46075354385885214,
        0.09219498458160813,
        0.2379272026053747,
        0.4616290726574518
      ]
    },
    {
      "top_k": 8,
      "cv_r2_mean": 0.45903035125647795,
      "cv_r2_std": 0.13564230436874147,
      "folds": [
        0.6153598302261707,
        0.24706430401948465,
        0.5234485937053868,
        0.4502486770748696
      ]
    }
  ],
  "cv_best_mean_r2": 0.5033828749558087,
  "train_metrics": {
    "n": 79,
    "r2": 0.738770204257531,
    "rmse": 1.6363854564468503,
    "mae": 1.261081772324916
  },
  "test_metrics": {
    "n": 19,
    "r2": 0.6528269162723994,
    "rmse": 1.9000954005756412,
    "mae": 1.6612595450702936
  },
  "elapsed_sec": 264.0
}