{
  "label": "basic_phenol",
  "mode": "direct",
  "criterion": "bic",
  "max_complexity": 20,
  "corr_threshold": 0.95,
  "n_features_pruned_pool": 699,
  "chosen_top_k": 8,
  "selected_features": [
    "MinPartialCharge",
    "GATS6dv",
    "VSA_EState5",
    "GATS3m",
    "MaxPartialCharge",
    "MINaasC",
    "AATS2s",
    "GATS2dv"
  ],
  "edge_count": 7,
  "sympy_ops": 21,
  "formula": "8.65 - 13.41*exp(-2.0*(0.9602 - 2.198*GATS2dv)**2*(2.137 - 0.4677*AATS2s)**2 - 2.0*(4.019 - 4.241*MINaasC)**2*(17.55*MinPartialCharge + 8.701)**2)",
  "cv_selection": [
    {
      "top_k": 4,
      "cv_r2_mean": 0.04773681960525167,
      "cv_r2_std": 0.22140200791884362,
      "folds": [
        0.16277721823206215,
        0.2702412346279478,
        0.07436737822669504,
        -0.3164385526656983
      ]
    },
    {
      "top_k": 6,
      "cv_r2_mean": 0.195858035656523,
      "cv_r2_std": 0.22564604813785397,
      "folds": [
        0.27112840030363394,
        0.5061378217115884,
        0.12013193163624403,
        -0.1139660110253744
      ]
    },
    {
      "top_k": 8,
      "cv_r2_mean": 0.454418644458369,
      "cv_r2_std": 0.2112698261931145,
      "folds": [
        0.7064060840309788,
        0.6150588149917748,
        0.2934151662438028,
        0.2027945125669196
      ]
    }
  ],
  "cv_best_mean_r2": 0.454418644458369,
  "train_metrics": {
    "n": 143,
    "r2": 0.6587318803594787,
    "rmse": 1.5392717746021074,
    "mae": 1.1134665291045371
  },
  "test_metrics": {
    "n": 46,
    "r2": 0.37611840171582434,
    "rmse": 1.9000651892477736,
    "mae": 1.376564051083858
  },
  "elapsed_sec": 270.6
}