y_true,y_pred
4.49,7.459783333333342
4.91,7.76466666666667
10.45,8.83245
10.05,8.759222222222222
10.29,8.629213888888891
11.02,8.604883333333335
10.45,7.746638888888886
11.93,7.992305555555555
9.87,7.302016666666669
9.8,7.515416666666671
10.33,7.774099999999995
9.44,6.580316666666667
10.22,7.256500000000001
9.58,7.194266666666666
5.22,6.781700000000003
6.62,7.177866666666672
5.62,7.471083333333336
6.34,6.742066666666667
5.93,6.804099999999998
6.42,7.5246333333333375
