y_true,y_pred
4.49,7.647786999258904
4.91,7.489426356607581
10.45,9.338727622277867
10.05,9.374798239101192
10.29,9.013818939305523
11.02,6.5952153322256155
10.45,8.016461984370403
11.93,6.354971687440503
9.87,8.435198834876152
9.8,8.869828046703043
10.33,6.529930872237282
9.44,6.681418967863293
10.22,7.059290278535608
9.58,5.177771934308986
5.22,7.127245231238033
6.62,7.231374112947779
5.62,6.167068070531744
6.34,5.90052102592274
5.93,6.15198933623802
6.42,6.225042340609077
