y_true,y_pred
4.49,6.365480495459563
4.91,6.870221965399268
10.45,7.897178520071224
10.05,7.864994010345163
10.29,7.569247007082481
11.02,6.845426347331462
10.45,5.899468363492655
11.93,7.166183917862891
9.87,8.401633381439671
9.8,8.029954604938906
10.33,7.471922893366253
9.44,6.336852388623746
10.22,6.379883586012645
9.58,7.01736807572579
5.22,7.95253951639408
6.62,7.50393769217365
5.62,7.135207351954498
6.34,6.9584195366876
5.93,6.42195928097335
6.42,7.300110590052255
