y_true,y_pred
4.49,7.445219597929478
4.91,7.985323220008685
10.45,10.058670730550492
10.05,11.15087254471943
10.29,11.672382083301022
11.02,1.451736597044551
10.45,11.447470672132024
11.93,2.3577273694085896
9.87,9.720116741756783
9.8,10.31641862415365
10.33,0.3360346647219554
9.44,9.04988448242383
10.22,10.083536180144801
9.58,-0.4947151830190357
5.22,7.237855008151839
6.62,7.625208312227707
5.62,-1.4421251015766643
6.34,7.42301332775307
5.93,7.6963035771155095
6.42,-1.111485798495102
