y_true,y_pred
4.49,7.006337870615933
4.91,6.008104561119223
10.45,6.380897217234852
10.05,7.551908696337038
10.29,6.642389326660181
11.02,5.8791196592677615
10.45,7.980017474019729
11.93,7.046558184140864
9.87,6.951624728345413
9.8,6.352084708079386
10.33,5.155988411223061
9.44,6.97621552148755
10.22,5.706623555639998
9.58,4.921418476660025
5.22,6.647698449084565
6.62,6.848824487348158
5.62,6.274117647410571
6.34,6.90428306024345
5.93,5.884650041890481
6.42,5.557204208830996
