{
  "label": "acidic_fallback",
  "mode": "direct",
  "criterion": "bic",
  "max_complexity": 20,
  "corr_threshold": 0.95,
  "n_features_pruned_pool": 959,
  "chosen_top_k": 4,
  "selected_features": [
    "rc_decay_q",
    "SlogP_VSA2",
    "rc_q_r1_mean",
    "rc_q_center"
  ],
  "edge_count": 15,
  "sympy_ops": 49,
  "formula": "-10.53*(0.006135*SlogP_VSA2 + exp(-2.0*(1.207*rc_q_center + 0.6304)**2 - 2.0*(-3.966*rc_decay_q + exp(-2.0*(0.4384 - 1.523*rc_q_r1_mean)**2 - 2.0*(5.336*rc_q_center + 2.086)**2) + 0.3942)**2) - 1.181)*exp(-2.0*(-0.5081*rc_q_center - 0.5316)**2 - 2.0*exp(-4.0*(0.3484 - 0.2712*rc_decay_q)**2 - 4.0*(5.175*rc_q_r1_mean - 1.918)**2)) + 1.001",
  "cv_selection": [
    {
      "top_k": 4,
      "cv_r2_mean": 0.5584513069562701,
      "cv_r2_std": 0.032881473739730244,
      "folds": [
        0.5566700033141234,
        0.5252871438530482,
        0.6120566964806811,
        0.5397913841772278
      ]
    },
    {
      "top_k": 6,
      "cv_r2_mean": 0.5713404163767477,
      "cv_r2_std": 0.031014976446844474,
      "folds": [
        0.5692286817652452,
        0.5265725761024133,
        0.6140188217450414,
        0.5755415858942905
      ]
    },
    {
      "top_k": 8,
      "cv_r2_mean": 0.5564664979315626,
      "cv_r2_std": 0.040384241475560245,
      "folds": [
        0.5701821280826815,
        0.5028939239821648,
        0.6129402887084316,
        0.5398496509529723
      ]
    }
  ],
  "cv_best_mean_r2": 0.5713404163767477,
  "train_metrics": {
    "n": 2321,
    "r2": 0.5716839901971652,
    "rmse": 2.21185609067844,
    "mae": 1.5193953532649556
  },
  "test_metrics": {
    "n": 32,
    "r2": 0.244626157223244,
    "rmse": 3.3752336922310486,
    "mae": 2.4022840083562396
  },
  "elapsed_sec": 346.0
}