{
  "label": "basic_sec_amine",
  "mode": "direct",
  "criterion": "bic",
  "max_complexity": 20,
  "corr_threshold": 0.95,
  "n_features_pruned_pool": 23,
  "chosen_top_k": 6,
  "selected_features": [
    "rc_decay_q",
    "rc_q_center",
    "rc_q_r1_min",
    "rc_estate_center",
    "rc_decay_edg",
    "rc_estate_r2_sum"
  ],
  "edge_count": 14,
  "sympy_ops": 43,
  "formula": "11.88*exp(-2.0*(7.778*rc_decay_q + 6.469)**2*exp(-4.0*(-0.02032*rc_estate_r2_sum - 2.36)**2*(11.25*rc_q_center - 0.01647*rc_estate_r2_sum + 3.368)**2 - 4.0*exp(2*exp(-2.0*(1.111 - 0.0015*rc_decay_edg)**2 - 2.0*(67.85*rc_q_r1_min + 0.6424)**2))) - 2.0*(-2.322*rc_q_center - 0.407)**2) + 2.37",
  "cv_selection": [
    {
      "top_k": 4,
      "cv_r2_mean": 0.27630164980508287,
      "cv_r2_std": 0.15871550201994183,
      "folds": [
        0.36414175389103465,
        0.2831332351710324,
        0.43934465797253386,
        0.01858695218573081
      ]
    },
    {
      "top_k": 6,
      "cv_r2_mean": 0.583037897588287,
      "cv_r2_std": 0.11920601888128218,
      "folds": [
        0.6830577490043516,
        0.6077910079698166,
        0.6592866694237323,
        0.3820161639552472
      ]
    },
    {
      "top_k": 8,
      "cv_r2_mean": 0.5453510958946275,
      "cv_r2_std": 0.07999348450330239,
      "folds": [
        0.6274344845508271,
        0.5446131236691558,
        0.5928516959093788,
        0.4165050794491485
      ]
    }
  ],
  "cv_best_mean_r2": 0.583037897588287,
  "train_metrics": {
    "n": 181,
    "r2": 0.7543079848697767,
    "rmse": 0.7332531476054419,
    "mae": 0.5756002476827597
  },
  "test_metrics": {
    "n": 55,
    "r2": 0.7548849064314419,
    "rmse": 1.0055250316743212,
    "mae": 0.8266758068471373
  },
  "elapsed_sec": 258.0
}