{
  "model_name": "random_forest",
  "metrics": {
    "r2": 0.9441313685138837,
    "mae": 0.15664973873064433,
    "rmse": 0.2884924396499776,
    "interval_coverage": 0.9138755980861244,
    "mean_interval_width": 0.8394378408889933,
    "test_rows": 2717.0
  },
  "calibration_qhat": 0.41971892044449666,
  "feature_columns": [
    "temperature_k",
    "pressure_bar",
    "cation_code",
    "anion_code",
    "ln_pressure_bar",
    "cation_smiles",
    "anion_smiles"
  ],
  "target_column": "ln_co2_solubility",
  "group_column": null,
  "train_profile": {
    "numeric": {
      "temperature_k": {
        "min": 271.11,
        "max": 453.15,
        "median": 323.15
      },
      "pressure_bar": {
        "min": 0.01,
        "max": 1050.1,
        "median": 26.99
      },
      "ln_pressure_bar": {
        "min": -4.605170185988091,
        "max": 6.956640676711948,
        "median": 3.295466427029913
      }
    },
    "categorical": {
      "cation_code": [
        "C0152",
        "C0190",
        "C0231",
        "C0290",
        "C0297",
        "C0315",
        "C0337",
        "C0397",
        "C0425",
        "C0449",
        "C0460",
        "C0482",
        "C0495",
        "C0505",
        "C0509",
        "C0515",
        "C0519",
        "C0530",
        "C0535",
        "C0734",
        "C0756",
        "C0782",
        "C0821",
        "C0852",
        "C0870",
        "C0872",
        "C0958",
        "C0979",
        "C1006",
        "C1036",
        "C1095",
        "C1098",
        "C1119",
        "C1136",
        "C1163",
        "C1164",
        "C1188",
        "C1196",
        "C1199",
        "C1203",
        "C1209",
        "C1210",
        "C1309",
        "C1310",
        "C1317",
        "C1490",
        "C1513",
        "C1537",
        "C1540",
        "C1541",
        "C1542",
        "C1543",
        "C1544",
        "C1545",
        "C1546",
        "C1547",
        "C1548",
        "C1549",
        "C1550",
        "C1551",
        "C1552",
        "C1553",
        "C1554",
        "C1555",
        "C1556",
        "C1557",
        "C1558",
        "C1560",
        "C1561",
        "C1562",
        "C1563",
        "C1564",
        "C1566",
        "C1567",
        "C1569",
        "C2025",
        "C2101"
      ],
      "anion_code": [
        "A0004",
        "A0007",
        "A0011",
        "A0015",
        "A0017",
        "A0020",
        "A0024",
        "A0030",
        "A0033",
        "A0044",
        "A0048",
        "A0049",
        "A0054",
        "A0055",
        "A0056",
        "A0064",
        "A0067",
        "A0071",
        "A0081",
        "A0083",
        "A0084",
        "A0087",
        "A0090",
        "A0091",
        "A0092",
        "A0098",
        "A0101",
        "A0109",
        "A0110",
        "A0111",
        "A0112",
        "A0117",
        "A0118",
        "A0141",
        "A0142",
        "A0152",
        "A0154",
        "A0155",
        "A0161",
        "A0179",
        "A0180",
        "A0181",
        "A0182",
        "A0184",
        "A0186",
        "A0187",
        "A0189",
        "A0190",
        "A0191",
        "A0193",
        "A0194",
        "A0195",
        "A0196",
        "A0197",
        "A0198",
        "A0199",
        "A0200",
        "A0201",
        "A0202",
        "A0203",
        "A0204",
        "A0205",
        "A0206",
        "A0207",
        "A0208",
        "A0210",
        "A0211",
        "A0212",
        "A0213",
        "A0325"
      ],
      "cation_smiles": [
        "NCCC[P+](CCCC)(CCCC)CCCC",
        "NCC[N+]1=C(N(C=C1)CCN)C",
        "O=C[NH+](C)C",
        "OCC[N+](C)(C)C",
        "OCC[N+](CCO)(CCO)C",
        "OCC[NH+](CCO)C",
        "OCC[NH+](CCO)CCO",
        "OCC[NH2+]CCO",
        "OCC[NH3+]",
        "OCC[n+]1ccccc1",
        "OCC[n+]1ccn(c1)C"
      ],
      "anion_smiles": [
        "BrC=1C=CC2=C(N=C[N-]2)C1",
        "FC(C(=O)[O-])(F)F",
        "FC(C(C(C(C(C(S(=O)(=O)[O-])(F)F)(F)F)(F)F)(F)F)(F)F)(F)F",
        "FC(C(S(=O)(=O)[O-])(F)F)F",
        "FC(C1=N[N-]C=C1)(F)F",
        "FC(F)(F)C(F)(F)C(F)(F)[P-](F)(F)(F)(C(F)(F)C(F)(F)C(F)(F)F)C(F)(F)C(F)(F)C(F)(F)F",
        "FC(F)(F)C(F)(F)S(=O)(=O)[N-]S(=O)(=O)C(F)(F)C(F)(F)F",
        "FC(S(=O)(=O)[N-]S(=O)(=O)C(F)(F)F)(F)F",
        "FC(S(=O)(=O)[O-])(F)F",
        "F[B-](F)(F)F",
        "F[P-](F)(F)(F)(F)F",
        "N1=C[N-]C2=C1C=CC=C2",
        "N1N=N[C-]=C1",
        "N1N=[C-]N=C1",
        "NCCCC[C@@H](C(=O)[O-])N",
        "NCCS(=O)(=O)[O-]",
        "O=C1CCC[N-]1",
        "O=C1[N-]S(=O)(=O)C2=CC=CC=C12",
        "O=[S@](C(F)(F)F)C[C-](O[S@@](=O)C(F)(F)F)C[S@@](=O)C(F)(F)F",
        "S(=O)(=O)(O)[O-]",
        "S(=O)(=O)(OCCOCCOC)[O-]",
        "S(=O)(=O)([O-])C1=CC=C(C)C=C1",
        "S(C)(=O)(=O)[O-]",
        "[Br-]",
        "[C-]1=NN=NN1",
        "[Cl-]",
        "[N+](=O)([O-])[O-]",
        "[N-]1N=CC2=CC=CC=C12",
        "[O-]C(=O)C(C(C(F)(F)F)(F)F)(F)F",
        "[O-]C(=O)C(C)(C)C",
        "[O-]C(=O)CC",
        "[O-]C(=O)CCC(=O)C",
        "[O-]C(=O)CCC(=O)N",
        "[O-]C(=O)CN",
        "[O-]C(=O)CNC",
        "[O-]C(=O)CNCC(=O)O",
        "[O-]C(=O)[C@@H]1CCCN1",
        "[O-]C(C1=CC=CC=C1)C(F)(F)F",
        "[O-]CC(F)(F)F",
        "[O-][P@H](=O)OC",
        "[O-]c1ccc(cc1)F",
        "[O-]c1ccc(cc1)[N+](=O)[O-]",
        "[O-]c1ccccc1",
        "[O-]c1ccccc1F",
        "[S-]C#N",
        "[n-]1ccnn1"
      ]
    },
    "target_iqr": 1.304740257517631,
    "train_rows": 6111,
    "calibration_rows": 2037,
    "test_rows": 2717,
    "leaderboard": [
      {
        "model": "random_forest",
        "r2": 0.9441313685138837,
        "mae": 0.15664973873064433,
        "rmse": 0.2884924396499776
      },
      {
        "model": "hist_gradient_boosting",
        "r2": 0.9426149353486526,
        "mae": 0.1427142733563591,
        "rmse": 0.2923814781015657
      },
      {
        "model": "xgboost",
        "r2": 0.9320631262783513,
        "mae": 0.1926763321030729,
        "rmse": 0.31812895479409586
      },
      {
        "model": "ridge",
        "r2": 0.8872206341967627,
        "mae": 0.24863688837045334,
        "rmse": 0.4098880374980495
      },
      {
        "model": "dummy_mean",
        "r2": -0.0014112607532656973,
        "mae": 0.9032994739477357,
        "rmse": 1.2213964545710783
      }
    ]
  },
  "alpha": 0.1
}