{
  "label": "basic_aromatic_N",
  "mode": "direct",
  "criterion": "bic",
  "max_complexity": 20,
  "corr_threshold": 0.95,
  "n_features_pruned_pool": 785,
  "chosen_top_k": 6,
  "selected_features": [
    "BCUTc-1h",
    "MINaaCH",
    "MaxPartialCharge",
    "MATS1se",
    "MinPartialCharge",
    "RPCG"
  ],
  "edge_count": 9,
  "sympy_ops": 27,
  "formula": "10.87 - 10.81*exp(-2.0*(0.6729 - 1.624*RPCG)**2 - 2.0*(0.3765*MATS1se + 1.085*MinPartialCharge + exp(-2.0*(0.8151 - 4.135*MaxPartialCharge)**2 - 2.0*(2.789 - 5.149*BCUTc-1h)**2) - 0.1724)**2)",
  "cv_selection": [
    {
      "top_k": 4,
      "cv_r2_mean": 0.15805715420076497,
      "cv_r2_std": 0.048499029000744834,
      "folds": [
        0.1572407644077437,
        0.19865422537427768,
        0.07913892488848373,
        0.19719470213255474
      ]
    },
    {
      "top_k": 6,
      "cv_r2_mean": 0.4082991932476826,
      "cv_r2_std": 0.05697621075695912,
      "folds": [
        0.40753295323202576,
        0.49935893987504365,
        0.3455992191381435,
        0.3807056607455176
      ]
    },
    {
      "top_k": 8,
      "cv_r2_mean": 0.38533017975372297,
      "cv_r2_std": 0.07682584362643767,
      "folds": [
        0.4054087682792553,
        0.4914930605011726,
        0.2776747409654138,
        0.3667441492690503
      ]
    }
  ],
  "cv_best_mean_r2": 0.4082991932476826,
  "train_metrics": {
    "n": 858,
    "r2": 0.4353999717033501,
    "rmse": 2.035660478568298,
    "mae": 1.5367423396710158
  },
  "test_metrics": {
    "n": 280,
    "r2": 0.4737465418487504,
    "rmse": 2.1463291097470023,
    "mae": 1.6383837594589266
  },
  "elapsed_sec": 304.4
}