{
  "label": "acidic_phenol",
  "mode": "direct",
  "criterion": "bic",
  "max_complexity": 20,
  "corr_threshold": 0.95,
  "n_features_pruned_pool": 820,
  "chosen_top_k": 4,
  "selected_features": [
    "BCUTc-1h",
    "MinPartialCharge",
    "AATSC8m",
    "MinAbsPartialCharge"
  ],
  "edge_count": 8,
  "sympy_ops": 18,
  "formula": "12.89*(6.683*BCUTc-1h - 4.149)*(-0.5793*MinAbsPartialCharge - 0.2727 + exp(-2.0*(3.707*BCUTc-1h - 2.576)**2*(10.08*MinPartialCharge + 3.647)**2)) + 2.45",
  "cv_selection": [
    {
      "top_k": 4,
      "cv_r2_mean": 0.5988544441879347,
      "cv_r2_std": 0.08320654266227535,
      "folds": [
        0.4589870921410596,
        0.6730348419371656,
        0.6163630035680301,
        0.6470328391054834
      ]
    },
    {
      "top_k": 6,
      "cv_r2_mean": 0.602377569581362,
      "cv_r2_std": 0.08719207988014514,
      "folds": [
        0.4559349158940048,
        0.6765789711722668,
        0.617893134285092,
        0.6591032569740842
      ]
    },
    {
      "top_k": 8,
      "cv_r2_mean": 0.6169078323411945,
      "cv_r2_std": 0.08472500075000795,
      "folds": [
        0.4730847889182732,
        0.6805594713642802,
        0.6374618039869896,
        0.6765252650952349
      ]
    }
  ],
  "cv_best_mean_r2": 0.6169078323411945,
  "train_metrics": {
    "n": 560,
    "r2": 0.6580184577148875,
    "rmse": 1.6324198047983933,
    "mae": 1.249814412206079
  },
  "test_metrics": {
    "n": 197,
    "r2": 0.6023139874683838,
    "rmse": 1.6974112152055736,
    "mae": 1.2951816770058502
  },
  "elapsed_sec": 295.8
}