artifact,n,r2,rmse,mae
predictions_y_randomization_lightgbm.csv,765,-0.13597209098202145,3.6138176331129817,2.994746427133739
