{
  "label": "basic_aromatic_N",
  "mode": "direct",
  "criterion": "bic",
  "max_complexity": 20,
  "corr_threshold": 0.95,
  "n_features_pruned_pool": 32,
  "chosen_top_k": 8,
  "selected_features": [
    "rc_decay_q",
    "rc_estate_r2_sum",
    "rc_estate_center",
    "rc_q_r3_sum",
    "rc_decay_en",
    "rc_q_r2_sum",
    "rc_estate_r1_sum",
    "rc_q_r1_max"
  ],
  "edge_count": 9,
  "sympy_ops": 25,
  "formula": "10.2*exp(-2.0*(-4.572*rc_decay_q - 1.452)**2*(1.528*rc_q_r1_max + (1.702*rc_q_r2_sum + 0.6116)*(0.09821*rc_estate_r1_sum - 0.07651) + 0.2144)**2 - 2.0*(-0.04129*rc_estate_center - 0.1629)**2) + 0.3938",
  "cv_selection": [
    {
      "top_k": 4,
      "cv_r2_mean": 0.2897910039439653,
      "cv_r2_std": 0.03901501616708984,
      "folds": [
        0.33913705431943686,
        0.3053170922452788,
        0.2829322355990741,
        0.23177763361207127
      ]
    },
    {
      "top_k": 6,
      "cv_r2_mean": 0.28479319106211376,
      "cv_r2_std": 0.048121016529226526,
      "folds": [
        0.34901787344074586,
        0.30725143352372053,
        0.2623847374641227,
        0.22051871981986582
      ]
    },
    {
      "top_k": 8,
      "cv_r2_mean": 0.400616365919987,
      "cv_r2_std": 0.038005293835237756,
      "folds": [
        0.41550350702566785,
        0.399259342855364,
        0.4461131902802271,
        0.34158942351868915
      ]
    }
  ],
  "cv_best_mean_r2": 0.400616365919987,
  "train_metrics": {
    "n": 858,
    "r2": 0.431704028083435,
    "rmse": 2.0423124563985087,
    "mae": 1.576517954057231
  },
  "test_metrics": {
    "n": 280,
    "r2": 0.46384842085191125,
    "rmse": 2.166419864242157,
    "mae": 1.7344844088248113
  },
  "elapsed_sec": 235.7
}