{
  "label": "basic_aromatic_N",
  "mode": "direct",
  "criterion": "bic",
  "max_complexity": 20,
  "corr_threshold": 0.95,
  "n_features_pruned_pool": 816,
  "chosen_top_k": 6,
  "selected_features": [
    "rc_decay_q",
    "rc_estate_center",
    "ATSC0s",
    "MINaaCH",
    "SMR_VSA3",
    "rc_estate_r1_sum"
  ],
  "edge_count": 16,
  "sympy_ops": 38,
  "formula": "-14.59*rc_decay_q - 0.186*rc_estate_r1_sum + 5.423*exp(-2.0*(-0.02366*SMR_VSA3 - 0.07317)**2 - 2.0*tanh(0.0315*ATSC0s - 0.5054)**2) + 5.423*exp(-2.0*(0.231*rc_estate_r1_sum - 0.5015)**2 - 2.0*(-2.509*rc_decay_q + (10.66*rc_decay_q + 1.597)*(0.01467*ATSC0s - 0.8264) - 0.751)**2) + 0.3481",
  "cv_selection": [
    {
      "top_k": 4,
      "cv_r2_mean": 0.2630014894155727,
      "cv_r2_std": 0.023283519095432876,
      "folds": [
        0.27676785967256445,
        0.26973187521648667,
        0.2821097077351339,
        0.22339651503810587
      ]
    },
    {
      "top_k": 6,
      "cv_r2_mean": 0.35527911802690626,
      "cv_r2_std": 0.023799166906551757,
      "folds": [
        0.3661021846165301,
        0.32663618093240687,
        0.38836828893284936,
        0.3400098176258387
      ]
    },
    {
      "top_k": 8,
      "cv_r2_mean": 0.358881729826121,
      "cv_r2_std": 0.04255267726067542,
      "folds": [
        0.37406846522937276,
        0.41191212657760967,
        0.35537768054502994,
        0.2941686469524716
      ]
    }
  ],
  "cv_best_mean_r2": 0.358881729826121,
  "train_metrics": {
    "n": 858,
    "r2": 0.4458858887492875,
    "rmse": 2.0166684426410635,
    "mae": 1.5432359735212497
  },
  "test_metrics": {
    "n": 280,
    "r2": 0.44229870646506686,
    "rmse": 2.209528767307474,
    "mae": 1.7552861179070207
  },
  "elapsed_sec": 248.9
}