{
  "label": "basic_other",
  "mode": "direct",
  "criterion": "bic",
  "max_complexity": 20,
  "corr_threshold": 0.95,
  "n_features_pruned_pool": 776,
  "chosen_top_k": 6,
  "selected_features": [
    "SPS",
    "GATS2c",
    "RPCG",
    "GATS2dv",
    "AATS1se",
    "MATS4s"
  ],
  "edge_count": 7,
  "sympy_ops": 17,
  "formula": "2.865*GATS2c + 37.21*exp(-2.0*(14.07*RPCG - 3.467)**2 - 2.0*(2.03*AATS1se + 0.2805*MATS4s - 14.26)**2) + 0.5971",
  "cv_selection": [
    {
      "top_k": 4,
      "cv_r2_mean": 0.0004536535320994739,
      "cv_r2_std": 0.0730468532677305,
      "folds": [
        0.07622754853746527,
        -0.04771654461292196,
        -0.0936611387349029,
        0.06696474893875748
      ]
    },
    {
      "top_k": 6,
      "cv_r2_mean": 0.08439289619018428,
      "cv_r2_std": 0.0730878951460326,
      "folds": [
        0.1244274334613662,
        0.014988516555218157,
        0.013882935600220803,
        0.18427269914393196
      ]
    },
    {
      "top_k": 8,
      "cv_r2_mean": 0.12875346143300165,
      "cv_r2_std": 0.13093177884288457,
      "folds": [
        0.30733585970339816,
        -0.05497273478565101,
        0.0931657917106643,
        0.16948492910359514
      ]
    }
  ],
  "cv_best_mean_r2": 0.12875346143300165,
  "train_metrics": {
    "n": 156,
    "r2": 0.37773929305490905,
    "rmse": 3.7153627328354,
    "mae": 2.6868013772021366
  },
  "test_metrics": {
    "n": 51,
    "r2": -0.2571618708043433,
    "rmse": 4.722127707782383,
    "mae": 3.7418886589541067
  },
  "elapsed_sec": 190.4
}