task,model,test_r2,test_rmse,test_mae,n_features,complexity_ops,edge_count
acidic,qlattice_direct,0.44789232028294723,2.5193835880305375,1.8258220753832979,8,49,25
acidic,qlattice_distilled,0.34983490010305673,2.7339730456623994,2.0366412549098056,8,39,14
basic,qlattice_direct,0.4697048166668232,2.365147837665481,1.759343008123082,12,44,17
basic,qlattice_distilled,0.3305778381571224,2.657354496366204,2.0827526847069704,8,30,14
