y_true,y_pred
-1.42,2.5555088602879135
2.44,5.087061128322426
2.75,3.8354372252643625
2.82,4.624198592708665
2.96,0.9940733172908525
2.97,5.776063999221005
4.12,2.3910875731215584
5.76,5.63450674093516
6.37,7.0697868530373835
6.47,7.57936800991555
6.76,6.229387691670116
7.86,5.286158627196375
8.05,7.793589527514394
8.4,7.848770661249635
9.26,7.231663724466789
9.47,9.252870000803018
9.5,8.583251789592925
9.6,9.122070847045467
11.0,8.063483060159243
