{
  "acidic": {
    "n_folds": 5,
    "mean": 0.47107560315026886,
    "std": 0.03431393551841297,
    "se": 0.015345658478943177,
    "k_mode": 8,
    "folds": [
      0.4238230024772853,
      0.4835462984843103,
      0.45058486610392734,
      0.48503611782657896,
      0.5123877308592419
    ]
  },
  "basic": {
    "n_folds": 5,
    "mean": 0.4195023253666454,
    "std": 0.04806604539921903,
    "se": 0.02149578898444895,
    "k_mode": 20,
    "folds": [
      0.4090535804155163,
      0.44727697248041465,
      0.3632835345477904,
      0.4860862852889398,
      0.39181125410056583
    ]
  }
}