{
  "label": "basic_sec_amine",
  "mode": "direct",
  "criterion": "bic",
  "max_complexity": 20,
  "corr_threshold": 0.95,
  "n_features_pruned_pool": 737,
  "chosen_top_k": 8,
  "selected_features": [
    "AATSC3Z",
    "ETA_eta_FL",
    "MATS5c",
    "VSA_EState3",
    "AATSC2d",
    "BCUTc-1l",
    "rc_q_center",
    "PEOE_VSA8"
  ],
  "edge_count": 16,
  "sympy_ops": 42,
  "formula": "-5.594*(1.149 - 0.001639*PEOE_VSA8)*(-0.5247*BCUTc-1l - 0.9793)*(-0.01328*PEOE_VSA8 + exp(-2.0*(0.0353 - 0.198*AATSC3Z)**2 - 2.0*exp(-4.0*(0.1191*VSA_EState3 + 2.818)**2*(11.82*rc_q_center + 3.448)**2)) + exp(-2.0*(0.4238*AATSC3Z + 1.247)**2 - 2.0*(-0.4445*ETA_eta_FL - 0.04355)**2) - 1.141) + 11.3",
  "cv_selection": [
    {
      "top_k": 4,
      "cv_r2_mean": 0.24519883410467186,
      "cv_r2_std": 0.1082727528136081,
      "folds": [
        0.13794033395240668,
        0.42355761720901963,
        0.23254071661119236,
        0.18675666864606877
      ]
    },
    {
      "top_k": 6,
      "cv_r2_mean": 0.24289587547440575,
      "cv_r2_std": 0.08560614294207014,
      "folds": [
        0.15460034177829574,
        0.350443703417202,
        0.3031470667909957,
        0.1633923899111296
      ]
    },
    {
      "top_k": 8,
      "cv_r2_mean": 0.35849034594650686,
      "cv_r2_std": 0.07972302929987177,
      "folds": [
        0.2753470617126649,
        0.4313369938817365,
        0.2825504546727682,
        0.44472687351885787
      ]
    }
  ],
  "cv_best_mean_r2": 0.35849034594650686,
  "train_metrics": {
    "n": 181,
    "r2": 0.6951231763968377,
    "rmse": 0.8168091991799971,
    "mae": 0.6463754790810862
  },
  "test_metrics": {
    "n": 55,
    "r2": 0.4701232686452599,
    "rmse": 1.4784113340323952,
    "mae": 0.982408515669088
  },
  "elapsed_sec": 237.8
}