{
  "label": "acidic_aniline",
  "mode": "direct",
  "criterion": "bic",
  "max_complexity": 20,
  "corr_threshold": 0.95,
  "n_features_pruned_pool": 795,
  "chosen_top_k": 8,
  "selected_features": [
    "PEOE_VSA11",
    "FilterItLogS",
    "GATS3are",
    "JGI5",
    "rc_q_r1_min",
    "AXp-4dv",
    "BCUTc-1h",
    "rc_decay_q"
  ],
  "edge_count": 15,
  "sympy_ops": 23,
  "formula": "-11.27*rc_q_r1_min - 62.46*AXp-4dv - 15.38*BCUTc-1h + 3.827*(0.32 - 0.2659*PEOE_VSA11)*exp(-2.0*(-0.9443*FilterItLogS - 1.629)**2) + 3.827*tanh(10.93*rc_q_r1_min - 12.24*rc_decay_q + 0.6368) + 16.55",
  "cv_selection": [
    {
      "top_k": 4,
      "cv_r2_mean": 0.23585681910532955,
      "cv_r2_std": 0.09175644150245807,
      "folds": [
        0.2925172290828686,
        0.3059072833237555,
        0.26612746227610395,
        0.07887530173859014
      ]
    },
    {
      "top_k": 6,
      "cv_r2_mean": 0.2956084764495237,
      "cv_r2_std": 0.006214719372968895,
      "folds": [
        0.29715816614124624,
        0.3043516283434988,
        0.2870949047539728,
        0.29382920655937705
      ]
    },
    {
      "top_k": 8,
      "cv_r2_mean": 0.4277338620889831,
      "cv_r2_std": 0.10486226823704026,
      "folds": [
        0.5366408547845976,
        0.516681166719692,
        0.3769671933598433,
        0.28064623349179973
      ]
    }
  ],
  "cv_best_mean_r2": 0.4277338620889831,
  "train_metrics": {
    "n": 163,
    "r2": 0.7023218951092407,
    "rmse": 1.5135211212427164,
    "mae": 1.0721005486134187
  },
  "test_metrics": {
    "n": 48,
    "r2": -0.09763557553379609,
    "rmse": 3.3504723478384815,
    "mae": 2.199038374719549
  },
  "elapsed_sec": 218.7
}