{
  "label": "basic_fallback",
  "mode": "direct",
  "criterion": "bic",
  "max_complexity": 20,
  "corr_threshold": 0.95,
  "n_features_pruned_pool": 32,
  "chosen_top_k": 8,
  "selected_features": [
    "rc_decay_q",
    "rc_decay_en",
    "rc_estate_center",
    "rc_estate_r1_sum",
    "rc_q_r3_sum",
    "rc_estate_r2_sum",
    "rc_q_center",
    "rc_q_r2_sum"
  ],
  "edge_count": 16,
  "sympy_ops": 39,
  "formula": "-0.6958*rc_q_r2_sum - 9.286*exp(-2.0*(0.1403 - 0.2068*rc_estate_center)**2*(-0.1192*rc_estate_r1_sum - 0.2729)**2 - 2.0*(2.134*rc_q_center + (0.02861*rc_estate_r1_sum - 1.433)*(-2.823*rc_decay_q + exp(-2.0*(0.05299*rc_decay_en + 0.2055)**2 - 2.0*(-17.59*rc_q_center - 5.496)**2) - 0.7286) - 0.4614)**2) + 9.38",
  "cv_selection": [
    {
      "top_k": 4,
      "cv_r2_mean": 0.3340962889497796,
      "cv_r2_std": 0.028034030849282698,
      "folds": [
        0.3040912226076725,
        0.36373886737849026,
        0.3603981701670229,
        0.30815689564593285
      ]
    },
    {
      "top_k": 6,
      "cv_r2_mean": 0.3322954143208385,
      "cv_r2_std": 0.026129079938386857,
      "folds": [
        0.2936417223229999,
        0.3486056301700238,
        0.36245621193471234,
        0.3244780928556179
      ]
    },
    {
      "top_k": 8,
      "cv_r2_mean": 0.4284350435530201,
      "cv_r2_std": 0.02821112713713232,
      "folds": [
        0.38407627677020184,
        0.4607885468566302,
        0.44140037000365384,
        0.4274749805815945
      ]
    }
  ],
  "cv_best_mean_r2": 0.4284350435530201,
  "train_metrics": {
    "n": 2527,
    "r2": 0.44453904695564506,
    "rmse": 2.437450512849371,
    "mae": 1.801644262485007
  },
  "test_metrics": {
    "n": 42,
    "r2": 0.0615680339968796,
    "rmse": 3.833066109126572,
    "mae": 3.009765659827273
  },
  "elapsed_sec": 304.9
}