{
  "label": "acidic_thiol",
  "mode": "direct",
  "criterion": "bic",
  "max_complexity": 20,
  "corr_threshold": 0.95,
  "n_features_pruned_pool": 30,
  "chosen_top_k": 6,
  "selected_features": [
    "rc_q_r2_mean",
    "rc_q_center",
    "rc_q_r2_sum",
    "rc_q_r3_sum",
    "rc_estate_r2_sum",
    "rc_decay_edg"
  ],
  "edge_count": 14,
  "sympy_ops": 38,
  "formula": "16.57*exp(-2.0*(2.661*rc_q_r2_sum + 0.9053)**2*(0.06637*rc_estate_r2_sum + 0.2474)**2 - 2.0*(-1.872*rc_q_center + exp(-2.0*(15.7*rc_q_center + 3.223)**2 - 2.0*(-0.06224*rc_q_r2_sum - 0.5149)**2*(0.1433*rc_estate_r2_sum - 1.459)**2) + tanh(0.3579*rc_q_r2_sum + 0.2531) - 0.9641)**2) - 4.138",
  "cv_selection": [
    {
      "top_k": 4,
      "cv_r2_mean": 0.7520111005693151,
      "cv_r2_std": 0.05337550728382313,
      "folds": [
        0.7724899791975836,
        0.6633470697962808,
        0.8059842802784902,
        0.7662230730049056
      ]
    },
    {
      "top_k": 6,
      "cv_r2_mean": 0.8377481803179885,
      "cv_r2_std": 0.016415151834759386,
      "folds": [
        0.8175460868611317,
        0.863199553811883,
        0.8331043355285378,
        0.8371427450704014
      ]
    },
    {
      "top_k": 8,
      "cv_r2_mean": 0.7962434132057903,
      "cv_r2_std": 0.04525859427836293,
      "folds": [
        0.7479171372274033,
        0.808722170801916,
        0.8644647409069817,
        0.7638696038868604
      ]
    }
  ],
  "cv_best_mean_r2": 0.8377481803179885,
  "train_metrics": {
    "n": 79,
    "r2": 0.9239372125316173,
    "rmse": 0.882999330005717,
    "mae": 0.6643040504327613
  },
  "test_metrics": {
    "n": 19,
    "r2": 0.4371438291850247,
    "rmse": 2.4193633593073343,
    "mae": 1.413381846077818
  },
  "elapsed_sec": 257.6
}