{
  "label": "acidic_aromatic_N",
  "mode": "direct",
  "criterion": "bic",
  "max_complexity": 20,
  "corr_threshold": 0.95,
  "n_features_pruned_pool": 804,
  "chosen_top_k": 6,
  "selected_features": [
    "TSRW10",
    "IC2",
    "BCUTc-1h",
    "JGI4",
    "CIC2",
    "MIC1"
  ],
  "edge_count": 9,
  "sympy_ops": 22,
  "formula": "14.9*exp(-2.0*(1.12 - 3.907*BCUTc-1h)**2 - 2.0*(0.6429*IC2 + (1.288 - 0.05739*MIC1)*(8.819*BCUTc-1h - 4.854)*(16.36*JGI4 - 1.715) - 2.463)**2) + 4.724",
  "cv_selection": [
    {
      "top_k": 4,
      "cv_r2_mean": 0.012843129398883796,
      "cv_r2_std": 0.06740883839604365,
      "folds": [
        -0.04347800076169639,
        -0.03568163123693502,
        0.1250688902401792,
        0.005463259353987393
      ]
    },
    {
      "top_k": 6,
      "cv_r2_mean": 0.3118089282711606,
      "cv_r2_std": 0.04993946416877071,
      "folds": [
        0.23711949514021335,
        0.32723844464042007,
        0.37610407136046353,
        0.30677370194354536
      ]
    },
    {
      "top_k": 8,
      "cv_r2_mean": 0.2852713791100886,
      "cv_r2_std": 0.07502189918388523,
      "folds": [
        0.3360381382062414,
        0.15900556051597647,
        0.3469245347526635,
        0.29911728296547313
      ]
    }
  ],
  "cv_best_mean_r2": 0.3118089282711606,
  "train_metrics": {
    "n": 260,
    "r2": 0.4323494537267131,
    "rmse": 2.6820018272765207,
    "mae": 2.1239009066932306
  },
  "test_metrics": {
    "n": 96,
    "r2": 0.3676939002146761,
    "rmse": 2.773806582758823,
    "mae": 2.2996068095175217
  },
  "elapsed_sec": 284.8
}