{
  "label": "acidic_r0_f3",
  "mode": "direct",
  "criterion": "bic",
  "max_complexity": 30,
  "corr_threshold": 0.95,
  "n_features_pruned_pool": 608,
  "chosen_top_k": 8,
  "selected_features": [
    "MaxAbsPartialCharge",
    "MinAbsPartialCharge",
    "ATSC6Z",
    "ATSC5m",
    "PEOE_VSA13",
    "BCUT2D_MRLOW",
    "SlogP_VSA2",
    "GATS1s"
  ],
  "edge_count": 16,
  "sympy_ops": 31,
  "formula": "8.708*(1.518*MaxAbsPartialCharge - 3.349*MinAbsPartialCharge + 0.1828*BCUT2D_MRLOW - 0.1094)*exp(-2.0*(0.0189*PEOE_VSA13 + (13.98*MinAbsPartialCharge - 2.369)*(0.2682*GATS1s + exp(-2.0*(5.9*MaxAbsPartialCharge - 3.275)**2 - 2.0*(2.077*GATS1s - 1.735)**2) - 0.6225) - 0.4358)**2) + 8.283",
  "cv_selection": [
    {
      "top_k": 8,
      "cv_r2_mean": 0.4542397718470447,
      "cv_r2_std": 0.04668667432705415,
      "folds": [
        0.43675745186110093,
        0.39287968041680865,
        0.521408292627991,
        0.46591366248227817
      ]
    },
    {
      "top_k": 12,
      "cv_r2_mean": 0.4491032441693984,
      "cv_r2_std": 0.0341934891773888,
      "folds": [
        0.439956840247419,
        0.39715012568916874,
        0.48335569122559585,
        0.4759503195154101
      ]
    },
    {
      "top_k": 20,
      "cv_r2_mean": 0.42775068327845156,
      "cv_r2_std": 0.037715016861690896,
      "folds": [
        0.430307014236065,
        0.37677308633315265,
        0.4828816192244261,
        0.4210410133201624
      ]
    }
  ],
  "cv_best_mean_r2": 0.4542397718470447,
  "train_metrics": {
    "n": 1835,
    "r2": 0.48058412846597154,
    "rmse": 2.4674621171802804,
    "mae": 1.765030366357105
  },
  "test_metrics": {
    "n": 458,
    "r2": 0.48503611782657896,
    "rmse": 2.32044053503994,
    "mae": 1.667855754710328
  },
  "elapsed_sec": 687.4
}