{
  "label": "acidic_other",
  "mode": "direct",
  "criterion": "bic",
  "max_complexity": 20,
  "corr_threshold": 0.95,
  "n_features_pruned_pool": 31,
  "chosen_top_k": 8,
  "selected_features": [
    "rc_decay_q",
    "rc_decay_en",
    "rc_estate_center",
    "rc_q_r3_sum",
    "rc_estate_r1_sum",
    "rc_decay_edg",
    "rc_estate_r2_sum",
    "rc_q_r1_min"
  ],
  "edge_count": 9,
  "sympy_ops": 27,
  "formula": "19.23*exp(-2.0*(-0.7376*rc_decay_q + exp(-2.0*(1.195 - 0.1595*rc_estate_center)**2 - 2.0*(4.24*rc_q_r1_min - 0.9894)**2) - 0.3379)**2 - 2.0*(1.472*rc_decay_q + 0.2202*rc_q_r3_sum + 0.2397)**2) - 7.32",
  "cv_selection": [
    {
      "top_k": 4,
      "cv_r2_mean": 0.2178908925323214,
      "cv_r2_std": 0.04468097076528378,
      "folds": [
        0.2184257769168675,
        0.244707182653626,
        0.2629184299982431,
        0.14551218056054904
      ]
    },
    {
      "top_k": 6,
      "cv_r2_mean": 0.34350535452378284,
      "cv_r2_std": 0.051040119482424144,
      "folds": [
        0.2640831801438984,
        0.370030651306003,
        0.40165444161816066,
        0.3382531450270694
      ]
    },
    {
      "top_k": 8,
      "cv_r2_mean": 0.4454386932861881,
      "cv_r2_std": 0.054234724222295486,
      "folds": [
        0.3668090736335743,
        0.5194084611227396,
        0.44067564746539134,
        0.4548615909230471
      ]
    }
  ],
  "cv_best_mean_r2": 0.4454386932861881,
  "train_metrics": {
    "n": 397,
    "r2": 0.4816815386719826,
    "rmse": 2.290594604087314,
    "mae": 1.8066564636932256
  },
  "test_metrics": {
    "n": 138,
    "r2": 0.38204699285028754,
    "rmse": 2.7520971468966504,
    "mae": 2.199810700922411
  },
  "elapsed_sec": 226.5
}