{
  "label": "acidic_fallback",
  "mode": "direct",
  "criterion": "bic",
  "max_complexity": 20,
  "corr_threshold": 0.95,
  "n_features_pruned_pool": 929,
  "chosen_top_k": 8,
  "selected_features": [
    "SlogP_VSA2",
    "BCUTc-1l",
    "BCUTc-1h",
    "PEOE_VSA13",
    "MDEN-13",
    "ATSC7Z",
    "ATSC3c",
    "AATSC2se"
  ],
  "edge_count": 15,
  "sympy_ops": 29,
  "formula": "-5.796*BCUTc-1l - 5.315*tanh(5.339*BCUTc-1h + exp(-2.0*(1.889 - 2.94*BCUTc-1h)**4*(0.0241*SlogP_VSA2 - 3.025)**4*(0.074*PEOE_VSA13 - 15.55*AATSC2se + 0.6731)**4 - 2.0*(0.8513*ATSC3c - 0.3421)**2) - 2.141) + 6.718",
  "cv_selection": [
    {
      "top_k": 4,
      "cv_r2_mean": 0.356812925739431,
      "cv_r2_std": 0.03909368362116763,
      "folds": [
        0.3629035565357501,
        0.35492999435596484,
        0.40977163506825753,
        0.2996465169977517
      ]
    },
    {
      "top_k": 6,
      "cv_r2_mean": 0.3528332903868581,
      "cv_r2_std": 0.04581242684456336,
      "folds": [
        0.36720432567716954,
        0.35443365138896854,
        0.4083238998409505,
        0.281371284640344
      ]
    },
    {
      "top_k": 8,
      "cv_r2_mean": 0.40969625281296124,
      "cv_r2_std": 0.02576254299575061,
      "folds": [
        0.4088878705139861,
        0.39789876659373336,
        0.450895794090857,
        0.3811025800532686
      ]
    }
  ],
  "cv_best_mean_r2": 0.40969625281296124,
  "train_metrics": {
    "n": 2321,
    "r2": 0.4273122846212547,
    "rmse": 2.5576060278092725,
    "mae": 1.9318848483085884
  },
  "test_metrics": {
    "n": 32,
    "r2": 0.26573460845610564,
    "rmse": 3.327740146013575,
    "mae": 2.6946072590925283
  },
  "elapsed_sec": 358.4
}