{
  "label": "basic_prim_amine",
  "mode": "direct",
  "criterion": "bic",
  "max_complexity": 20,
  "corr_threshold": 0.95,
  "n_features_pruned_pool": 22,
  "chosen_top_k": 6,
  "selected_features": [
    "rc_estate_r2_sum",
    "rc_q_r2_mean",
    "rc_q_r3_sum",
    "rc_q_center",
    "rc_estate_r1_sum",
    "rc_q_r1_sum"
  ],
  "edge_count": 9,
  "sympy_ops": 26,
  "formula": "4.491*(-0.2845*rc_q_r3_sum - 0.3166)*(12.99*rc_q_center + 5.018)*(40.08*rc_q_r1_sum - 0.1729) + 4.491*exp(-2.0*(-25.49*rc_q_r2_mean - 1.5)**2 - 2.0*(-2.066*rc_q_r3_sum - 0.8579)**2) + 9.233",
  "cv_selection": [
    {
      "top_k": 4,
      "cv_r2_mean": 0.4632604696211009,
      "cv_r2_std": 0.15660748850803669,
      "folds": [
        0.5200845393295365,
        0.5835432420835187,
        0.5546004681010361,
        0.1948136289703123
      ]
    },
    {
      "top_k": 6,
      "cv_r2_mean": 0.7382055550117052,
      "cv_r2_std": 0.04862738907114281,
      "folds": [
        0.7936162229264478,
        0.7474736027512452,
        0.7517496632398935,
        0.6599827311292344
      ]
    },
    {
      "top_k": 8,
      "cv_r2_mean": 0.7144559324709017,
      "cv_r2_std": 0.03432112296090959,
      "folds": [
        0.7684140115896848,
        0.7182727188439163,
        0.6932087949904926,
        0.6779282044595127
      ]
    }
  ],
  "cv_best_mean_r2": 0.7382055550117052,
  "train_metrics": {
    "n": 184,
    "r2": 0.7744613680446978,
    "rmse": 0.529480686101293,
    "mae": 0.3906609522665266
  },
  "test_metrics": {
    "n": 64,
    "r2": 0.7677905536367061,
    "rmse": 0.5500787103517157,
    "mae": 0.4168086309222523
  },
  "elapsed_sec": 235.2
}