{
  "label": "basic_other",
  "mode": "direct",
  "criterion": "bic",
  "max_complexity": 20,
  "corr_threshold": 0.95,
  "n_features_pruned_pool": 29,
  "chosen_top_k": 4,
  "selected_features": [
    "rc_q_r2_mean",
    "rc_decay_q",
    "rc_q_r2_sum",
    "rc_q_center"
  ],
  "edge_count": 9,
  "sympy_ops": 21,
  "formula": "13.57*rc_q_r2_mean - 14.71*rc_decay_q + 32.87*(32.76*rc_q_r2_mean + 0.3202)*exp(-2.0*(41.91*rc_decay_q - 1.136)**2 - 2.0*(-11.81*rc_q_r2_sum - 0.1665)**2) + 4.406",
  "cv_selection": [
    {
      "top_k": 4,
      "cv_r2_mean": 0.35257916723102845,
      "cv_r2_std": 0.21237819929378238,
      "folds": [
        0.43984573406487404,
        0.5148919378351995,
        0.46790633061142783,
        -0.012327333587387468
      ]
    },
    {
      "top_k": 6,
      "cv_r2_mean": 0.2678494102718098,
      "cv_r2_std": 0.22105359726486357,
      "folds": [
        0.4678143068790246,
        0.2457965047027697,
        0.4426737614980696,
        -0.08488693199262465
      ]
    },
    {
      "top_k": 8,
      "cv_r2_mean": 0.33133406144930666,
      "cv_r2_std": 0.21077695357137888,
      "folds": [
        0.31700924935018426,
        0.49884627557324224,
        0.5171417366103022,
        -0.007661015736502019
      ]
    }
  ],
  "cv_best_mean_r2": 0.35257916723102845,
  "train_metrics": {
    "n": 156,
    "r2": 0.5640665996709157,
    "rmse": 3.109747333294183,
    "mae": 2.223988069978776
  },
  "test_metrics": {
    "n": 51,
    "r2": -0.1055627544260831,
    "rmse": 4.428267295400631,
    "mae": 3.3683948852778203
  },
  "elapsed_sec": 205.8
}