{
  "label": "acidic_aniline",
  "mode": "direct",
  "criterion": "bic",
  "max_complexity": 20,
  "corr_threshold": 0.95,
  "n_features_pruned_pool": 771,
  "chosen_top_k": 4,
  "selected_features": [
    "PEOE_VSA11",
    "AATSC5se",
    "FilterItLogS",
    "GATS2Z"
  ],
  "edge_count": 9,
  "sympy_ops": 22,
  "formula": "34.39*AATSC5se - 1.449*FilterItLogS + 8.591*exp(-2.0*(4.247 - 7.413*GATS2Z)**2*(0.3064*PEOE_VSA11 + 0.2191)**2 - 2.0*(-0.6794*FilterItLogS - 0.9337)**2) + 3.253",
  "cv_selection": [
    {
      "top_k": 4,
      "cv_r2_mean": 0.27244087341213064,
      "cv_r2_std": 0.04818063217605956,
      "folds": [
        0.31687375618306446,
        0.2009975131381091,
        0.25559586075213425,
        0.3162963635752146
      ]
    },
    {
      "top_k": 6,
      "cv_r2_mean": 0.2255554173379416,
      "cv_r2_std": 0.06895172747393044,
      "folds": [
        0.14224544928616167,
        0.2548577236277012,
        0.18270306312640316,
        0.32241543331150035
      ]
    },
    {
      "top_k": 8,
      "cv_r2_mean": 0.1556902196467887,
      "cv_r2_std": 0.1685948297005619,
      "folds": [
        0.30310128716046847,
        0.08685930616032433,
        0.3215119763077299,
        -0.08871169104136789
      ]
    }
  ],
  "cv_best_mean_r2": 0.27244087341213064,
  "train_metrics": {
    "n": 163,
    "r2": 0.49573015662573006,
    "rmse": 1.9699106962969817,
    "mae": 1.6158656111366376
  },
  "test_metrics": {
    "n": 48,
    "r2": 0.1099294953408354,
    "rmse": 3.017096183341322,
    "mae": 2.172921913166204
  },
  "elapsed_sec": 281.7
}