Complexity,Loss,Equation
1,0.35272884,"1.2569041"
3,0.037412852,"x0 * 2.251012"
4,0.035448473,"square(x0 + 0.5401025)"
5,0.026491191,"(x0 * 1.939916) - -0.21706307"
6,0.01862583,"(square(1.319777) + x1) * x0"
7,0.0035371624,"(x1 * 0.41820064) + (x0 + x0)"
8,0.00011307639,"(square(x1) * 0.49863666) + (x0 + x0)"
10,0.00011268697,"(x0 + square((x1 * -0.70256793) - 0.0029964063)) + x0"
15,0.00011268693,"x0 + ((x0 + square(x1 - x1)) + square((x1 + 0.00438694) * -0.70243776))"
