{
  "label": "acidic_aromatic_N",
  "mode": "direct",
  "criterion": "bic",
  "max_complexity": 20,
  "corr_threshold": 0.95,
  "n_features_pruned_pool": 834,
  "chosen_top_k": 8,
  "selected_features": [
    "IC2",
    "CIC2",
    "TSRW10",
    "ATSC5dv",
    "JGI4",
    "rc_q_center",
    "rc_estate_center",
    "MIC1"
  ],
  "edge_count": 8,
  "sympy_ops": 20,
  "formula": "26.88*(0.0821*CIC2 + 0.0123*MIC1 + exp(-2.0*(-15.91*rc_q_center - 3.048)**2 - 2.0*(0.03342*MIC1 - 0.8778)**2) - 0.909)**2 + 4.018",
  "cv_selection": [
    {
      "top_k": 4,
      "cv_r2_mean": 0.008363973217961007,
      "cv_r2_std": 0.021543707799343368,
      "folds": [
        -0.017067622076563316,
        0.04251502700058596,
        0.0023534273391986327,
        0.005655060608622753
      ]
    },
    {
      "top_k": 6,
      "cv_r2_mean": 0.23222895594609475,
      "cv_r2_std": 0.032064144902760196,
      "folds": [
        0.26429684380323337,
        0.2526643834621297,
        0.18059834673061093,
        0.23135624978840497
      ]
    },
    {
      "top_k": 8,
      "cv_r2_mean": 0.3006127430364732,
      "cv_r2_std": 0.03388767542430603,
      "folds": [
        0.24259675448302587,
        0.3115580899198733,
        0.32424802087671123,
        0.32404810686628227
      ]
    }
  ],
  "cv_best_mean_r2": 0.3006127430364732,
  "train_metrics": {
    "n": 260,
    "r2": 0.4332355103530636,
    "rmse": 2.6799078157625353,
    "mae": 2.00879446084324
  },
  "test_metrics": {
    "n": 96,
    "r2": 0.4222285648320796,
    "rmse": 2.651493227081843,
    "mae": 2.1788601142241326
  },
  "elapsed_sec": 206.8
}