artifact,n,r2,rmse,mae
predictions_xgboost.csv,765,0.8306825122031074,1.3951898557713578,0.8780459415947711
predictions_random_forest.csv,765,0.7757034189984269,1.605808412047745,1.001670261437908
predictions_elasticnet.csv,765,-0.1490716964101524,3.6345945039206726,1.5101208137249207
