{
  "model_name": "xgboost",
  "metrics": {
    "r2": 0.3322274964377605,
    "mae": 0.43621727262796023,
    "rmse": 0.881002817189999,
    "interval_coverage": 0.8496490579977836,
    "mean_interval_width": 1.3877391815185547,
    "test_rows": 2707.0
  },
  "calibration_qhat": 0.6938694820752964,
  "feature_columns": [
    "temperature_k",
    "pressure_bar",
    "cation_code",
    "anion_code",
    "ln_pressure_bar",
    "cation_smiles",
    "anion_smiles"
  ],
  "target_column": "ln_co2_solubility",
  "group_column": "solvent_id",
  "train_profile": {
    "numeric": {
      "temperature_k": {
        "min": 271.11,
        "max": 453.15,
        "median": 323.15
      },
      "pressure_bar": {
        "min": 0.01,
        "max": 1017.6,
        "median": 29.51
      },
      "ln_pressure_bar": {
        "min": -4.605170185988091,
        "max": 6.925202192585858,
        "median": 3.3847291889548483
      }
    },
    "categorical": {
      "cation_code": [
        "C0190",
        "C0290",
        "C0315",
        "C0337",
        "C0425",
        "C0449",
        "C0460",
        "C0482",
        "C0495",
        "C0505",
        "C0509",
        "C0515",
        "C0519",
        "C0535",
        "C0756",
        "C0782",
        "C0852",
        "C0870",
        "C0872",
        "C0958",
        "C1036",
        "C1095",
        "C1119",
        "C1136",
        "C1163",
        "C1164",
        "C1188",
        "C1199",
        "C1203",
        "C1210",
        "C1310",
        "C1317",
        "C1513",
        "C1540",
        "C1542",
        "C1543",
        "C1544",
        "C1546",
        "C1547",
        "C1548",
        "C1551",
        "C1552",
        "C1554",
        "C1556",
        "C1557",
        "C1558",
        "C1560",
        "C1563",
        "C1565",
        "C1566",
        "C1567",
        "C1569",
        "C2025"
      ],
      "anion_code": [
        "A0004",
        "A0011",
        "A0015",
        "A0017",
        "A0020",
        "A0024",
        "A0030",
        "A0033",
        "A0044",
        "A0048",
        "A0049",
        "A0054",
        "A0055",
        "A0056",
        "A0064",
        "A0067",
        "A0071",
        "A0081",
        "A0084",
        "A0087",
        "A0090",
        "A0092",
        "A0098",
        "A0101",
        "A0110",
        "A0111",
        "A0112",
        "A0117",
        "A0118",
        "A0141",
        "A0142",
        "A0152",
        "A0154",
        "A0179",
        "A0180",
        "A0181",
        "A0182",
        "A0183",
        "A0184",
        "A0194",
        "A0195",
        "A0197",
        "A0198",
        "A0200",
        "A0201",
        "A0205",
        "A0207",
        "A0210",
        "A0211",
        "A0212",
        "A0213",
        "A0325"
      ],
      "cation_smiles": [
        "NCCC[N+]1=CN(C=C1)CCCC",
        "NCCC[P+](CCCC)(CCCC)CCCC",
        "O=C[NH+](C)C",
        "OCC[N+](C)(C)C",
        "OCC[N+](CCO)(CCO)C",
        "OCC[NH+](CCO)C",
        "OCC[NH+](CCO)CCO",
        "OCC[NH2+]CCO",
        "OCC[NH3+]",
        "OCC[n+]1ccn(c1)C"
      ],
      "anion_smiles": [
        "BrC=1C=CC2=C(N=C[N-]2)C1",
        "FC(C(=O)[O-])(F)F",
        "FC(C(C(C(C(C(S(=O)(=O)[O-])(F)F)(F)F)(F)F)(F)F)(F)F)(F)F",
        "FC(F)(F)C(F)(F)C(F)(F)[P-](F)(F)(F)(C(F)(F)C(F)(F)C(F)(F)F)C(F)(F)C(F)(F)C(F)(F)F",
        "FC(F)(F)C(F)(F)S(=O)(=O)[N-]S(=O)(=O)C(F)(F)C(F)(F)F",
        "FC(S(=O)(=O)[N-]S(=O)(=O)C(F)(F)F)(F)F",
        "FC(S(=O)(=O)[O-])(F)F",
        "F[B-](F)(F)F",
        "F[P-](F)(F)(F)(F)F",
        "N1=C[N-]C2=C1C=CC=C2",
        "N1N=N[C-]=C1",
        "N1N=[C-]N=C1",
        "NCCCC[C@@H](C(=O)[O-])N",
        "O=C1CCC[N-]1",
        "S(=O)(=O)(O)[O-]",
        "S(=O)(=O)(OCCOCCOC)[O-]",
        "S(=O)(=O)([O-])C1=CC=C(C)C=C1",
        "S(C)(=O)(=O)[O-]",
        "[Br-]",
        "[Cl-]",
        "[N+](=O)([O-])[O-]",
        "[N-]1C=NC=C1",
        "[N-]1N=CC2=CC=CC=C12",
        "[O-]C(=O)CCC(=O)C",
        "[O-]C(=O)CCC(=O)N",
        "[O-]C(=O)CN",
        "[O-]C(=O)CNC",
        "[O-]C(=O)[C@@H]1CCCN1",
        "[O-]C(C1=CC=CC=C1)C(F)(F)F",
        "[O-]CC(F)(F)F",
        "[O-][P@H](=O)OC",
        "[O-]c1ccccc1",
        "[S-]C#N",
        "[n-]1ccnn1"
      ]
    },
    "target_iqr": 1.2231241779357953,
    "train_rows": 6057,
    "calibration_rows": 2101,
    "test_rows": 2707,
    "leaderboard": [
      {
        "model": "xgboost",
        "r2": 0.3322274964377605,
        "mae": 0.43621727262796023,
        "rmse": 0.881002817189999
      },
      {
        "model": "hist_gradient_boosting",
        "r2": 0.2941784069779425,
        "mae": 0.4316451583632883,
        "rmse": 0.9057545016809209
      },
      {
        "model": "random_forest",
        "r2": 0.20243148001317168,
        "mae": 0.45786134110089993,
        "rmse": 0.9628242787167666
      },
      {
        "model": "dummy_mean",
        "r2": -0.03279163893294812,
        "mae": 0.8743467593834756,
        "rmse": 1.095643805420742
      },
      {
        "model": "ridge",
        "r2": -0.21481576597792018,
        "mae": 0.6970315562660088,
        "rmse": 1.1882785038725459
      }
    ]
  },
  "alpha": 0.1
}