task,h_star,frac_in_domain
acidic,0.011774967291757523,0.9620915032679739
basic,0.015433320142461416,0.963226571767497
