{
  "label": "basic_tert_amine",
  "mode": "direct",
  "criterion": "bic",
  "max_complexity": 20,
  "corr_threshold": 0.95,
  "n_features_pruned_pool": 794,
  "chosen_top_k": 6,
  "selected_features": [
    "rc_q_r1_sum",
    "rc_q_r1_max",
    "SPS",
    "rc_q_r2_mean",
    "rc_q_r2_sum",
    "AATSC1d"
  ],
  "edge_count": 11,
  "sympy_ops": 23,
  "formula": "-4.292*(11.81*rc_q_r1_sum - 1.264)*(-3.183*rc_q_r1_sum + 0.005325*SPS - 1.964*rc_q_r2_sum + exp(-2.0*(24.28*rc_q_r1_max - 1.536)**2 - 2.0*(5.789*AATSC1d - 1.061)**2) + 0.06303) + 7.379",
  "cv_selection": [
    {
      "top_k": 4,
      "cv_r2_mean": 0.36057495393694794,
      "cv_r2_std": 0.10237812350257336,
      "folds": [
        0.22277424256687794,
        0.45587625765466266,
        0.4622940504470482,
        0.30135526507920296
      ]
    },
    {
      "top_k": 6,
      "cv_r2_mean": 0.4177833862203275,
      "cv_r2_std": 0.1372450236857571,
      "folds": [
        0.2044492565835646,
        0.49335684120402223,
        0.5722002256951673,
        0.40112722139855583
      ]
    },
    {
      "top_k": 8,
      "cv_r2_mean": 0.4317636189883053,
      "cv_r2_std": 0.08348165219327806,
      "folds": [
        0.37328153609936554,
        0.46165027131287806,
        0.5536590333186058,
        0.3384636352223718
      ]
    }
  ],
  "cv_best_mean_r2": 0.4317636189883053,
  "train_metrics": {
    "n": 443,
    "r2": 0.5035633363992137,
    "rmse": 1.0373662261918037,
    "mae": 0.7920073645056791
  },
  "test_metrics": {
    "n": 142,
    "r2": 0.4055146266156985,
    "rmse": 1.4075873006200132,
    "mae": 0.9373776059671535
  },
  "elapsed_sec": 233.7
}