{
  "label": "basic_aniline",
  "mode": "direct",
  "criterion": "bic",
  "max_complexity": 20,
  "corr_threshold": 0.95,
  "n_features_pruned_pool": 772,
  "chosen_top_k": 4,
  "selected_features": [
    "BCUTc-1h",
    "MinPartialCharge",
    "GATS4m",
    "IC5"
  ],
  "edge_count": 9,
  "sympy_ops": 14,
  "formula": "4.938*tanh((15.4*BCUTc-1h - 5.154)*(-1.707*GATS4m + 0.3933*IC5 - 0.4185 + 0.009343*exp(-9.06*MinPartialCharge))) + 4.606",
  "cv_selection": [
    {
      "top_k": 4,
      "cv_r2_mean": 0.4285205221983772,
      "cv_r2_std": 0.056203476745649884,
      "folds": [
        0.4934595012308812,
        0.33859538730813876,
        0.44414156417036854,
        0.43788563608412034
      ]
    },
    {
      "top_k": 6,
      "cv_r2_mean": 0.4069101829599646,
      "cv_r2_std": 0.14157844469271946,
      "folds": [
        0.5883803691769594,
        0.1916665498155753,
        0.4369546237965901,
        0.4106391890507337
      ]
    },
    {
      "top_k": 8,
      "cv_r2_mean": 0.45467509268467154,
      "cv_r2_std": 0.11931821111798861,
      "folds": [
        0.5969755113745143,
        0.26900303596944664,
        0.5016914340066141,
        0.45103038938811113
      ]
    }
  ],
  "cv_best_mean_r2": 0.45467509268467154,
  "train_metrics": {
    "n": 304,
    "r2": 0.4676671106349565,
    "rmse": 2.0850630463536595,
    "mae": 1.4480505606724372
  },
  "test_metrics": {
    "n": 113,
    "r2": 0.36458324009711784,
    "rmse": 2.3692879365036013,
    "mae": 1.6081057950009703
  },
  "elapsed_sec": 294.3
}