artifact,n,r2,rmse,mae
predictions_lightgbm.csv,843,0.8365045766886361,1.3132646404104116,0.8471954160295536
predictions_xgboost.csv,843,0.8343718673154655,1.3218023018138494,0.8527690825187821
predictions_catboost.csv,843,0.8127265837917462,1.4055215781753674,0.9350448064668674
predictions_random_forest.csv,843,0.8007226960639464,1.4498676855932517,0.9280129003558717
predictions_elasticnet.csv,843,-51.89248310486483,23.620899348201227,22.128386844924993
