{
  "label": "basic_fallback",
  "engine": "pysr",
  "selected_features": [
    "BCUTi-1h",
    "BCUTc-1h",
    "MID_h",
    "BCUT2D_MRLOW",
    "MID_N",
    "AATSC4i",
    "GATS1s",
    "MinPartialCharge",
    "JGI5",
    "MDEO-12",
    "RNCG",
    "GATS4s"
  ],
  "complexity": 3,
  "loss": 8.555698,
  "formula": "2.2493863 / BCUTc-1h",
  "train_metrics": {
    "n": 2527,
    "r2": 0.20009670304428717,
    "rmse": 2.9250128812233473,
    "mae": 2.315944421704965
  },
  "test_metrics": {
    "n": 42,
    "r2": 0.08713673420128654,
    "rmse": 3.780487259356448,
    "mae": 2.9022495042168086
  },
  "oracle_best_on_test_r2": 0.08713673420128654
}