{
  "label": "basic_prim_amine",
  "mode": "direct",
  "criterion": "bic",
  "max_complexity": 20,
  "corr_threshold": 0.95,
  "n_features_pruned_pool": 754,
  "chosen_top_k": 6,
  "selected_features": [
    "MaxAbsPartialCharge",
    "SlogP_VSA4",
    "PEOE_VSA7",
    "AATSC4Z",
    "MATS3c",
    "AETA_eta_L"
  ],
  "edge_count": 9,
  "sympy_ops": 21,
  "formula": "2.411*MaxAbsPartialCharge - 3.233*MATS3c + 3.421*exp(-2.0*(0.9117 - 2.028*AETA_eta_L)**2 - 2.0*(0.1487*SlogP_VSA4 + 0.04194)**2*(0.1871*AATSC4Z + 0.07449)**2) + 6.022",
  "cv_selection": [
    {
      "top_k": 4,
      "cv_r2_mean": 0.14270449592055962,
      "cv_r2_std": 0.1097234220416905,
      "folds": [
        0.029682549196440533,
        0.3233717817423565,
        0.12395403290910878,
        0.09380961983433267
      ]
    },
    {
      "top_k": 6,
      "cv_r2_mean": 0.37124368660360707,
      "cv_r2_std": 0.04702730935895636,
      "folds": [
        0.29934644491666584,
        0.36594980907970465,
        0.4281394970028306,
        0.3915389954152272
      ]
    },
    {
      "top_k": 8,
      "cv_r2_mean": 0.37036356688990035,
      "cv_r2_std": 0.05635160636615115,
      "folds": [
        0.39767041127734015,
        0.4419077662085473,
        0.35217915203344985,
        0.2896969380402642
      ]
    }
  ],
  "cv_best_mean_r2": 0.37124368660360707,
  "train_metrics": {
    "n": 184,
    "r2": 0.512531482681567,
    "rmse": 0.7784181224909921,
    "mae": 0.5986147313049917
  },
  "test_metrics": {
    "n": 64,
    "r2": 0.549466469794637,
    "rmse": 0.7662111266843127,
    "mae": 0.5646808495470609
  },
  "elapsed_sec": 291.3
}