model,test_r2,test_rmse,test_mae,n_features,complexity_ops,type
lightgbm,0.8365045766886361,1.3132646404104116,0.8471954160295537,1707,,GBM baseline
xgboost,0.834371869908465,1.3218022914670786,0.8527690800171258,1707,,GBM baseline
catboost,0.8127265837917461,1.4055215781753674,0.9350448064668674,1707,,GBM baseline
random_forest,0.8007226960639464,1.4498676855932515,0.9280129003558716,1707,,GBM baseline
QLattice (direct),0.4697048166668232,2.365147837665481,1.759343008123082,12,44,symbolic
QLattice (distilled),0.3305778381571224,2.657354496366204,2.0827526847069704,8,30,symbolic
elasticnet,-51.89248310486483,23.620899348201227,22.128386844924993,1707,,GBM baseline
