model,r2,mae,rmse
ridge,0.9724260593937382,0.013638145177656939,0.01567093746097041
random_forest,0.9508350375655235,0.017781262786596155,0.020925382985486223
xgboost,0.8804834352765246,0.030035961866378778,0.032625682868122445
dummy_mean,-0.2065372886054888,0.09133333333333332,0.10366112882671896
hist_gradient_boosting,-0.2065372886054888,0.09133333333333332,0.10366112882671896
