{
  "label": "acidic_carboxylic_acid",
  "mode": "direct",
  "criterion": "bic",
  "max_complexity": 20,
  "corr_threshold": 0.95,
  "n_features_pruned_pool": 869,
  "chosen_top_k": 4,
  "selected_features": [
    "rc_decay_q",
    "rc_q_r2_sum",
    "rc_q_r3_sum",
    "BCUT2D_MRLOW"
  ],
  "edge_count": 7,
  "sympy_ops": 19,
  "formula": "4.362*exp(-2.0*(4.27*rc_decay_q + 0.1148)**2 - 2.0*(0.3048*tanh((6.427*rc_q_r2_sum + 1.13)*(10.95*BCUT2D_MRLOW - 1.104)) - 0.1824)**2) + 0.6304",
  "cv_selection": [
    {
      "top_k": 4,
      "cv_r2_mean": 0.6095634670331784,
      "cv_r2_std": 0.04227136605072972,
      "folds": [
        0.6556559093137584,
        0.5527545745611716,
        0.6444029480344824,
        0.5854404362233011
      ]
    },
    {
      "top_k": 6,
      "cv_r2_mean": 0.6158455331457857,
      "cv_r2_std": 0.03493772259389083,
      "folds": [
        0.6526430942579535,
        0.5713320291327696,
        0.6472470828808624,
        0.5921599263115571
      ]
    },
    {
      "top_k": 8,
      "cv_r2_mean": 0.61526149600116,
      "cv_r2_std": 0.037946462627272984,
      "folds": [
        0.6524855102559921,
        0.5671551117547785,
        0.6523307671931556,
        0.5890745948007137
      ]
    }
  ],
  "cv_best_mean_r2": 0.6158455331457857,
  "train_metrics": {
    "n": 680,
    "r2": 0.634751656487,
    "rmse": 0.5962419068578303,
    "mae": 0.45381220633515296
  },
  "test_metrics": {
    "n": 221,
    "r2": 0.6004730128038,
    "rmse": 0.5989701525693555,
    "mae": 0.4336693693673474
  },
  "elapsed_sec": 278.0
}