{
  "label": "basic_sec_amine",
  "mode": "direct",
  "criterion": "bic",
  "max_complexity": 20,
  "corr_threshold": 0.95,
  "n_features_pruned_pool": 715,
  "chosen_top_k": 4,
  "selected_features": [
    "AATSC3Z",
    "MATS4s",
    "BCUT2D_LOGPLOW",
    "BCUTc-1l"
  ],
  "edge_count": 15,
  "sympy_ops": 43,
  "formula": "4.886*exp(-2.0*(0.6397 - 0.01747*AATSC3Z)**2*exp(-4.0*(-0.9733*BCUT2D_LOGPLOW - 2.146)**2 - 4.0*(-5.96*BCUTc-1l - 2.568)**2) - 2.0*(4.434*MATS4s - 1.127)**2*(-3.015*BCUT2D_LOGPLOW - 8.137)**2*(1.593*BCUT2D_LOGPLOW + 3.745)**2*(-0.499*AATSC3Z - 3.356*BCUT2D_LOGPLOW - 7.132)**2) + 5.784",
  "cv_selection": [
    {
      "top_k": 4,
      "cv_r2_mean": 0.5067591721233475,
      "cv_r2_std": 0.11629687002877255,
      "folds": [
        0.6998550806118308,
        0.4962447416124399,
        0.41126922250888553,
        0.41966764376023424
      ]
    },
    {
      "top_k": 6,
      "cv_r2_mean": 0.4021118645479632,
      "cv_r2_std": 0.09912625349724107,
      "folds": [
        0.3314629194792351,
        0.5702850801874833,
        0.37859909516108037,
        0.328100363364054
      ]
    },
    {
      "top_k": 8,
      "cv_r2_mean": 0.4441378192919521,
      "cv_r2_std": 0.1409432388943423,
      "folds": [
        0.43820322470998285,
        0.5439684802539375,
        0.5775371875779997,
        0.21684238462588845
      ]
    }
  ],
  "cv_best_mean_r2": 0.5067591721233475,
  "train_metrics": {
    "n": 181,
    "r2": 0.6882719470911827,
    "rmse": 0.825935927969062,
    "mae": 0.6633459109239146
  },
  "test_metrics": {
    "n": 55,
    "r2": 0.36981864379448015,
    "rmse": 1.612280622221552,
    "mae": 1.1687294151746936
  },
  "elapsed_sec": 326.3
}