model,r2,mae,rmse
xgboost,0.32256929036419335,0.44646485239737477,0.8873510573931205
hist_gradient_boosting,0.2723569707557998,0.43352946831219236,0.9196492426856153
random_forest,0.23987526732305087,0.4461483243316068,0.9399515379165504
dummy_mean,-0.03279163893294812,0.8743467593834756,1.095643805420742
ridge,-0.19248337451668496,0.6950325000115565,1.1773055663399021
