{
  "model_name": "xgboost",
  "metrics": {
    "r2": 0.32256929036419335,
    "mae": 0.44646485239737477,
    "rmse": 0.8873510573931205,
    "interval_coverage": 0.8596231991134097,
    "mean_interval_width": 1.4720135927200317,
    "test_rows": 2707.0
  },
  "calibration_qhat": 0.7360068250630638,
  "feature_columns": [
    "temperature_k",
    "pressure_bar",
    "cation_code",
    "anion_code",
    "ln_pressure_bar"
  ],
  "target_column": "ln_co2_solubility",
  "group_column": "solvent_id",
  "train_profile": {
    "numeric": {
      "temperature_k": {
        "min": 271.11,
        "max": 453.15,
        "median": 323.15
      },
      "pressure_bar": {
        "min": 0.01,
        "max": 1017.6,
        "median": 29.51
      },
      "ln_pressure_bar": {
        "min": -4.605170185988091,
        "max": 6.925202192585858,
        "median": 3.3847291889548483
      }
    },
    "categorical": {
      "cation_code": [
        "C0190",
        "C0290",
        "C0315",
        "C0337",
        "C0425",
        "C0449",
        "C0460",
        "C0482",
        "C0495",
        "C0505",
        "C0509",
        "C0515",
        "C0519",
        "C0535",
        "C0756",
        "C0782",
        "C0852",
        "C0870",
        "C0872",
        "C0958",
        "C1036",
        "C1095",
        "C1119",
        "C1136",
        "C1163",
        "C1164",
        "C1188",
        "C1199",
        "C1203",
        "C1210",
        "C1310",
        "C1317",
        "C1513",
        "C1540",
        "C1542",
        "C1543",
        "C1544",
        "C1546",
        "C1547",
        "C1548",
        "C1551",
        "C1552",
        "C1554",
        "C1556",
        "C1557",
        "C1558",
        "C1560",
        "C1563",
        "C1565",
        "C1566",
        "C1567",
        "C1569",
        "C2025"
      ],
      "anion_code": [
        "A0004",
        "A0011",
        "A0015",
        "A0017",
        "A0020",
        "A0024",
        "A0030",
        "A0033",
        "A0044",
        "A0048",
        "A0049",
        "A0054",
        "A0055",
        "A0056",
        "A0064",
        "A0067",
        "A0071",
        "A0081",
        "A0084",
        "A0087",
        "A0090",
        "A0092",
        "A0098",
        "A0101",
        "A0110",
        "A0111",
        "A0112",
        "A0117",
        "A0118",
        "A0141",
        "A0142",
        "A0152",
        "A0154",
        "A0179",
        "A0180",
        "A0181",
        "A0182",
        "A0183",
        "A0184",
        "A0194",
        "A0195",
        "A0197",
        "A0198",
        "A0200",
        "A0201",
        "A0205",
        "A0207",
        "A0210",
        "A0211",
        "A0212",
        "A0213",
        "A0325"
      ]
    },
    "target_iqr": 1.2231241779357953,
    "train_rows": 6057,
    "calibration_rows": 2101,
    "test_rows": 2707,
    "leaderboard": [
      {
        "model": "xgboost",
        "r2": 0.32256929036419335,
        "mae": 0.44646485239737477,
        "rmse": 0.8873510573931205
      },
      {
        "model": "hist_gradient_boosting",
        "r2": 0.2723569707557998,
        "mae": 0.43352946831219236,
        "rmse": 0.9196492426856153
      },
      {
        "model": "random_forest",
        "r2": 0.23987526732305087,
        "mae": 0.4461483243316068,
        "rmse": 0.9399515379165504
      },
      {
        "model": "dummy_mean",
        "r2": -0.03279163893294812,
        "mae": 0.8743467593834756,
        "rmse": 1.095643805420742
      },
      {
        "model": "ridge",
        "r2": -0.19248337451668496,
        "mae": 0.6950325000115565,
        "rmse": 1.1773055663399021
      }
    ]
  },
  "alpha": 0.1
}