{
  "label": "basic_phenol",
  "mode": "direct",
  "criterion": "bic",
  "max_complexity": 20,
  "corr_threshold": 0.95,
  "n_features_pruned_pool": 20,
  "chosen_top_k": 6,
  "selected_features": [
    "rc_q_r3_sum",
    "rc_decay_edg",
    "rc_estate_r1_sum",
    "rc_estate_center",
    "rc_decay_q",
    "rc_decay_en"
  ],
  "edge_count": 9,
  "sympy_ops": 22,
  "formula": "-1.811*rc_estate_center - 9.541*exp(-2.0*(2.151*rc_decay_edg + 0.2358)**2*(-15.18*rc_decay_q - 0.08587)**2 - 2.0*(1.046*rc_estate_r1_sum - 2.418*rc_decay_q + 0.3247)**2) + 25.96",
  "cv_selection": [
    {
      "top_k": 4,
      "cv_r2_mean": 0.34404801296521803,
      "cv_r2_std": 0.26533367268186486,
      "folds": [
        0.5242533297049301,
        0.4319937563101045,
        -0.1105325294945132,
        0.5304774953403506
      ]
    },
    {
      "top_k": 6,
      "cv_r2_mean": 0.5225651176861063,
      "cv_r2_std": 0.09429423572896853,
      "folds": [
        0.6826754746955779,
        0.44685867095969656,
        0.4625192695603302,
        0.4982070555288203
      ]
    },
    {
      "top_k": 8,
      "cv_r2_mean": 0.49469136381649365,
      "cv_r2_std": 0.12281344414619356,
      "folds": [
        0.6496028437167658,
        0.5804807110994961,
        0.37250445400807486,
        0.37617744644163786
      ]
    }
  ],
  "cv_best_mean_r2": 0.5225651176861063,
  "train_metrics": {
    "n": 143,
    "r2": 0.6642106445972153,
    "rmse": 1.526865943999706,
    "mae": 1.2008850255289774
  },
  "test_metrics": {
    "n": 46,
    "r2": 0.20106874476252912,
    "rmse": 2.1501666386458753,
    "mae": 1.5702374443234621
  },
  "elapsed_sec": 230.0
}