{
  "label": "basic_direct",
  "mode": "direct",
  "criterion": "bic",
  "max_complexity": 30,
  "corr_threshold": 0.95,
  "n_features_pruned_pool": 885,
  "chosen_top_k": 12,
  "selected_features": [
    "BCUTi-1h",
    "BCUTc-1h",
    "MID_h",
    "BCUT2D_MRLOW",
    "MID_N",
    "AATSC4i",
    "GATS1s",
    "MinPartialCharge",
    "JGI5",
    "MDEO-12",
    "RNCG",
    "GATS4s"
  ],
  "edge_count": 17,
  "sympy_ops": 44,
  "formula": "6.663*(-0.08625*MID_h - 1.526)*exp(-2.0*(-1.123*RNCG + (0.92 - 0.2206*GATS1s)**2*(-1.7*MinPartialCharge - 0.9988) + exp(-2.0*(2.33*RNCG - 1.651)**2 - 2.0*(0.2539*MID_h + 1.974)**2*(-2.277*BCUT2D_MRLOW - 0.3644)**2) + 1.102)**2 - 2.0*exp(-4.0*(3.387*BCUTc-1h - 0.5855)**2)) + 11.05",
  "cv_selection": [
    {
      "top_k": 8,
      "cv_r2_mean": 0.3792450948599835,
      "cv_r2_std": 0.059316072486656414,
      "folds": [
        0.345200850035702,
        0.40023316176829093,
        0.4644778354336123,
        0.30706853220232855
      ]
    },
    {
      "top_k": 12,
      "cv_r2_mean": 0.4194969541649756,
      "cv_r2_std": 0.05605832157393079,
      "folds": [
        0.36623335215180286,
        0.4483394461626691,
        0.49729350508455683,
        0.3661215132608737
      ]
    },
    {
      "top_k": 20,
      "cv_r2_mean": 0.4110722227390996,
      "cv_r2_std": 0.05606584622652196,
      "folds": [
        0.35182045691756836,
        0.43379537524892875,
        0.4921028947676228,
        0.3665701640222784
      ]
    }
  ],
  "cv_best_mean_r2": 0.4194969541649756,
  "train_metrics": {
    "n": 2527,
    "r2": 0.45198441168185466,
    "rmse": 2.421059683147542,
    "mae": 1.8042985671727874
  },
  "test_metrics": {
    "n": 843,
    "r2": 0.4697048166668232,
    "rmse": 2.365147837665481,
    "mae": 1.759343008123082
  },
  "elapsed_sec": 575.9
}