{
  "label": "basic_distilled",
  "mode": "distilled",
  "criterion": "bic",
  "max_complexity": 30,
  "corr_threshold": 0.95,
  "n_features_pruned_pool": 885,
  "chosen_top_k": 8,
  "selected_features": [
    "BCUTi-1h",
    "BCUTc-1h",
    "MID_h",
    "BCUT2D_MRLOW",
    "MID_N",
    "AATSC4i",
    "GATS1s",
    "MinPartialCharge"
  ],
  "edge_count": 14,
  "sympy_ops": 30,
  "formula": "-5.544*MinPartialCharge + 3.901*exp(-2.0*(4.798*MinPartialCharge + 1.532)**2*(2.317*BCUT2D_MRLOW + tanh(1.985*BCUTc-1h - 0.6739) + 0.4776)**2 - 2.0*(-0.2977*GATS1s + (11.13 - 0.7894*BCUTi-1h)*(-6.753*BCUTc-1h - 0.02524) + 0.01213)**2) + 3.147",
  "cv_selection": [
    {
      "top_k": 8,
      "cv_r2_mean": 0.29253942940371624,
      "cv_r2_std": 0.03622061629248796,
      "folds": [
        0.2571505877483302,
        0.29407954179980667,
        0.3508166771389799,
        0.2681109109277483
      ]
    },
    {
      "top_k": 12,
      "cv_r2_mean": 0.2875534851032457,
      "cv_r2_std": 0.028148783136583744,
      "folds": [
        0.24305681261743806,
        0.29018849852675654,
        0.3208600885598176,
        0.2961085407089705
      ]
    },
    {
      "top_k": 20,
      "cv_r2_mean": 0.2840986339534449,
      "cv_r2_std": 0.03415432408190952,
      "folds": [
        0.24663012094241865,
        0.2832540001469126,
        0.33880460912169086,
        0.2677058056027577
      ]
    }
  ],
  "cv_best_mean_r2": 0.29253942940371624,
  "train_metrics": {
    "n": 2527,
    "r2": 0.3069126962746629,
    "rmse": 2.7227201862898966,
    "mae": 2.090769763658838
  },
  "test_metrics": {
    "n": 843,
    "r2": 0.3305778381571224,
    "rmse": 2.657354496366204,
    "mae": 2.0827526847069704
  },
  "elapsed_sec": 620.7,
  "teacher_test_metrics": {
    "n": 843,
    "r2": 0.7883094383907218,
    "rmse": 1.4943426732482945,
    "mae": 1.0152143013285053
  },
  "distill_fidelity_r2_test": 0.44228455422336244
}