{
  "control": "y_randomization_qlattice",
  "chosen_k": 12,
  "n": 843,
  "r2": 0.007285822911870743,
  "rmse": 3.2360227273372053,
  "mae": 2.6663032184095594
}