artifact,n,r2,rmse,mae
predictions_lightgbm.csv,765,0.8356356748785095,1.3746311538315092,0.8681075008115621
predictions_xgboost.csv,765,0.8289362484126039,1.4023660779148523,0.8736435958692811
predictions_catboost.csv,765,0.8096537022865646,1.479294419401648,0.9724494613677724
predictions_random_forest.csv,765,0.776252511286015,1.6038416470862156,1.0010021060275958
predictions_elasticnet.csv,765,-0.14907169640988394,3.634594503920248,1.510120813724756
