model,r2,mae,rmse
xgboost,0.7900710819460394,0.36332852769048735,0.5952888756511041
hist_gradient_boosting,0.7279738253671598,0.366610154157244,0.6776367958110745
random_forest,0.6846119483959775,0.39820382706346813,0.7296494361109742
ridge,0.6041984659544926,0.588042866423996,0.8173919751304739
dummy_mean,-0.005894816652200596,0.9649391905434128,1.3030705157172735
