{
  "label": "acidic_phenol",
  "mode": "direct",
  "criterion": "bic",
  "max_complexity": 20,
  "corr_threshold": 0.95,
  "n_features_pruned_pool": 21,
  "chosen_top_k": 8,
  "selected_features": [
    "rc_estate_r1_sum",
    "rc_decay_q",
    "rc_estate_r2_sum",
    "rc_q_r3_sum",
    "rc_estate_center",
    "rc_decay_en",
    "rc_q_r2_sum",
    "rc_q_r1_sum"
  ],
  "edge_count": 18,
  "sympy_ops": 40,
  "formula": "10.96*exp(-2.0*(0.429*rc_q_r2_sum + 0.7738)**2 - 2.0*(-1.338*rc_estate_r1_sum - 1.757*rc_q_r3_sum - 9.655*rc_q_r1_sum + (1.478*rc_q_r2_sum - 1.279)*(2.111*rc_q_r2_sum + 1.137) + 3.128)**2) + 10.96*tanh((0.7274 - 5.207*rc_decay_q)*exp(-2.0*(0.09934 - 0.0539*rc_decay_en)**2 - 2.0*(0.6106*rc_q_r3_sum + 0.5419)**2)) + 2.281",
  "cv_selection": [
    {
      "top_k": 4,
      "cv_r2_mean": 0.7184779226251492,
      "cv_r2_std": 0.06639942999343275,
      "folds": [
        0.6372617913702253,
        0.7959582647718071,
        0.7704920820376953,
        0.6701995523208695
      ]
    },
    {
      "top_k": 6,
      "cv_r2_mean": 0.7216286861223389,
      "cv_r2_std": 0.052841904599781504,
      "folds": [
        0.6720331868926951,
        0.7824769074493493,
        0.7657192038329408,
        0.6662854463143705
      ]
    },
    {
      "top_k": 8,
      "cv_r2_mean": 0.7489372209169728,
      "cv_r2_std": 0.04062183882524838,
      "folds": [
        0.7083951061582163,
        0.794112717839508,
        0.7847342573602799,
        0.7085068023098868
      ]
    }
  ],
  "cv_best_mean_r2": 0.7489372209169728,
  "train_metrics": {
    "n": 560,
    "r2": 0.7968846764462914,
    "rmse": 1.2580614833682202,
    "mae": 0.9096047028520619
  },
  "test_metrics": {
    "n": 197,
    "r2": 0.7102185981279387,
    "rmse": 1.4489458782215163,
    "mae": 1.0142659121808275
  },
  "elapsed_sec": 257.9
}