model,n,r2,rmse,mae
xgb_ensemble_mean(proper-train),765,0.7676714861759303,1.6343070682418988,1.0325598727565966
xgb_point(full-train),765,0.8255708279447149,1.41609360497975,0.891857007141986
