{
  "label": "basic_tert_amine",
  "mode": "direct",
  "criterion": "bic",
  "max_complexity": 20,
  "corr_threshold": 0.95,
  "n_features_pruned_pool": 774,
  "chosen_top_k": 8,
  "selected_features": [
    "AATSC0i",
    "BCUTdv-1l",
    "SPS",
    "MATS1s",
    "GATS1s",
    "GATS2s",
    "RNCG",
    "AMID_N"
  ],
  "edge_count": 9,
  "sympy_ops": 23,
  "formula": "3.77*exp(-2.0*(1.465*AATSC0i - 1.875)**2*(2.034*GATS2s - 2.417)**2*(16.08*AMID_N - 2.336)**2 - 2.0*(0.2973*GATS2s - 1.857*RNCG + 0.9461)**2) + 6.664",
  "cv_selection": [
    {
      "top_k": 4,
      "cv_r2_mean": 0.12854932699551655,
      "cv_r2_std": 0.05066463270572522,
      "folds": [
        0.1556872714735832,
        0.15290671170614678,
        0.1644943902718895,
        0.04110893453044673
      ]
    },
    {
      "top_k": 6,
      "cv_r2_mean": 0.19611112571109263,
      "cv_r2_std": 0.07419287660003512,
      "folds": [
        0.10661759560440531,
        0.2631922980732041,
        0.27535479148025555,
        0.13927981768650555
      ]
    },
    {
      "top_k": 8,
      "cv_r2_mean": 0.2856509419940746,
      "cv_r2_std": 0.06375281354884407,
      "folds": [
        0.20433924586622731,
        0.3220703329915128,
        0.3685622144376114,
        0.247631974680947
      ]
    }
  ],
  "cv_best_mean_r2": 0.2856509419940746,
  "train_metrics": {
    "n": 443,
    "r2": 0.3809901155035802,
    "rmse": 1.1583744567271124,
    "mae": 0.912297638059361
  },
  "test_metrics": {
    "n": 142,
    "r2": 0.3086168688537331,
    "rmse": 1.517973334558576,
    "mae": 1.1287122974440607
  },
  "elapsed_sec": 264.2
}