{
  "label": "acidic_other",
  "mode": "direct",
  "criterion": "bic",
  "max_complexity": 20,
  "corr_threshold": 0.95,
  "n_features_pruned_pool": 880,
  "chosen_top_k": 8,
  "selected_features": [
    "BCUTd-1l",
    "RNCG",
    "AMID_O",
    "ATSC0c",
    "TopoPSA",
    "rc_q_r1_min",
    "rc_decay_q",
    "rc_q_r1_mean"
  ],
  "edge_count": 15,
  "sympy_ops": 42,
  "formula": "-7.236*rc_decay_q + 5.986*(6.108*RNCG - 0.1102)*(-0.04181*AMID_O + exp(-2.0*(1.413 - 7.403*rc_q_r1_mean)**2 - 2.0*(0.8945*rc_decay_q - 0.7041)**2) + exp(-2.0*(-1.986*rc_decay_q - 0.3437)**2 - 2.0*exp(-4.0*(1.582 - 7.642*rc_q_r1_min)**2 - 4.0*(0.01825*TopoPSA - 1.203)**2)) - 0.6722) + 5.796",
  "cv_selection": [
    {
      "top_k": 4,
      "cv_r2_mean": 0.057551856037745985,
      "cv_r2_std": 0.04595778290921439,
      "folds": [
        0.1014826982605489,
        0.0038706528001963836,
        0.10479061754535501,
        0.020063455544883646
      ]
    },
    {
      "top_k": 6,
      "cv_r2_mean": 0.24320812154405289,
      "cv_r2_std": 0.03136850589540622,
      "folds": [
        0.18893456976331624,
        0.2621957091987557,
        0.2589489852554232,
        0.2627532219587164
      ]
    },
    {
      "top_k": 8,
      "cv_r2_mean": 0.4264908978072533,
      "cv_r2_std": 0.08412198025027588,
      "folds": [
        0.3129240961595847,
        0.49107892698704836,
        0.5218235554890502,
        0.3801370125933299
      ]
    }
  ],
  "cv_best_mean_r2": 0.4264908978072533,
  "train_metrics": {
    "n": 397,
    "r2": 0.5645721054085905,
    "rmse": 2.0994619994906216,
    "mae": 1.6605375488259102
  },
  "test_metrics": {
    "n": 138,
    "r2": 0.49770678980562844,
    "rmse": 2.481216661912758,
    "mae": 1.9408969445647593
  },
  "elapsed_sec": 227.9
}