{
  "label": "basic_r0_f4",
  "mode": "direct",
  "criterion": "bic",
  "max_complexity": 30,
  "corr_threshold": 0.95,
  "n_features_pruned_pool": 881,
  "chosen_top_k": 8,
  "selected_features": [
    "MID_h",
    "BCUT2D_MRLOW",
    "BCUTc-1h",
    "BCUTi-1h",
    "RNCG",
    "MinPartialCharge",
    "AATSC1s",
    "FilterItLogS"
  ],
  "edge_count": 25,
  "sympy_ops": 59,
  "formula": "11.65*exp(-2.0*(0.03877*MID_h - 1.114*exp(-2.0*(-0.3338*RNCG - 0.2478)**2 - 2.0*(2.729*MinPartialCharge + 2.227)**2*(4.901*MinPartialCharge + 2.004)**2) + 0.3564)**2 - 2.0*(0.02621*MID_h + 1.061*MinPartialCharge + (2.561*BCUTc-1h - 0.4801)*(2.474*RNCG - 0.4364) + exp(-2.0*(-0.1154*AATSC1s - 0.6673)**2 - 2.0*tanh((2.523*BCUTc-1h - 1.21)*(-5.085*MinPartialCharge - 0.2321*FilterItLogS - 3.778))**2) + 0.204)**2) - 0.5208",
  "cv_selection": [
    {
      "top_k": 8,
      "cv_r2_mean": 0.43607816344097944,
      "cv_r2_std": 0.055433374967030255,
      "folds": [
        0.3446032078084609,
        0.46108433847903385,
        0.4926514755864776,
        0.44597363188994543
      ]
    },
    {
      "top_k": 12,
      "cv_r2_mean": 0.43919606416196943,
      "cv_r2_std": 0.05668347625002987,
      "folds": [
        0.350647059387037,
        0.44223073291185844,
        0.5078914243358217,
        0.45601504001316073
      ]
    },
    {
      "top_k": 20,
      "cv_r2_mean": 0.4176877336937611,
      "cv_r2_std": 0.059041046876803366,
      "folds": [
        0.3182015711817756,
        0.44405343882312875,
        0.47265221845512084,
        0.4358437063150191
      ]
    }
  ],
  "cv_best_mean_r2": 0.43919606416196943,
  "train_metrics": {
    "n": 2022,
    "r2": 0.4739718866131032,
    "rmse": 2.396724062334141,
    "mae": 1.7075898202651267
  },
  "test_metrics": {
    "n": 505,
    "r2": 0.39181125410056583,
    "rmse": 2.4347980074302757,
    "mae": 1.7429792126352621
  },
  "elapsed_sec": 922.9
}