{
  "label": "basic_aniline",
  "mode": "direct",
  "criterion": "bic",
  "max_complexity": 20,
  "corr_threshold": 0.95,
  "n_features_pruned_pool": 30,
  "chosen_top_k": 8,
  "selected_features": [
    "rc_q_r3_sum",
    "rc_decay_q",
    "rc_estate_r1_sum",
    "rc_decay_en",
    "rc_estate_r2_sum",
    "rc_q_r2_sum",
    "rc_decay_edg",
    "rc_q_r2_mean"
  ],
  "edge_count": 14,
  "sympy_ops": 29,
  "formula": "0.5706*rc_decay_en - 7.213 + 8.598*exp(-2.0*(4.482*rc_decay_q + 1.194)**2*(-0.1292*rc_estate_r1_sum - 0.1064*rc_decay_en + 0.637*rc_decay_edg + exp(-2.0*(1.07*rc_q_r3_sum + 0.848)**2 - 2.0*(0.3378*rc_estate_r2_sum - 1.865)**2) + 0.2812)**2)",
  "cv_selection": [
    {
      "top_k": 4,
      "cv_r2_mean": 0.3600565425738247,
      "cv_r2_std": 0.12690677377696954,
      "folds": [
        0.20212387202729154,
        0.3395509407943539,
        0.5568349653565163,
        0.3417163921171369
      ]
    },
    {
      "top_k": 6,
      "cv_r2_mean": 0.3859250168002405,
      "cv_r2_std": 0.15878869736413884,
      "folds": [
        0.16685002144597916,
        0.3490903329207876,
        0.6107299265091739,
        0.4170297863250215
      ]
    },
    {
      "top_k": 8,
      "cv_r2_mean": 0.5747660215995809,
      "cv_r2_std": 0.10073567483148727,
      "folds": [
        0.414113897377836,
        0.6880111674975242,
        0.6188830583674029,
        0.5780559631555605
      ]
    }
  ],
  "cv_best_mean_r2": 0.5747660215995809,
  "train_metrics": {
    "n": 304,
    "r2": 0.684199551879175,
    "rmse": 1.6059569998750354,
    "mae": 1.205342836460133
  },
  "test_metrics": {
    "n": 113,
    "r2": 0.47617285653819774,
    "rmse": 2.151208522195246,
    "mae": 1.4806678746924762
  },
  "elapsed_sec": 239.3
}