{
  "label": "basic_imidazole_like",
  "mode": "direct",
  "criterion": "bic",
  "max_complexity": 20,
  "corr_threshold": 0.95,
  "n_features_pruned_pool": 756,
  "chosen_top_k": 8,
  "selected_features": [
    "Mp",
    "AATS1p",
    "AATS2p",
    "BCUT2D_MWHI",
    "rc_decay_q",
    "rc_q_r1_sum",
    "EState_VSA9",
    "AATSC5i"
  ],
  "edge_count": 10,
  "sympy_ops": 16,
  "formula": "1.395*(20.3 - 32.41*Mp)*(3.397*rc_decay_q - (3.621*rc_q_r1_sum - 1.859)*tanh(-5.935*AATS1p + 6.433*rc_decay_q + 9.855) + 1.763) + 7.064",
  "cv_selection": [
    {
      "top_k": 4,
      "cv_r2_mean": 0.22236295603518338,
      "cv_r2_std": 0.1499519799079484,
      "folds": [
        0.30864955016190354,
        0.3874010994671554,
        0.20550628137457538,
        -0.012105106862900783
      ]
    },
    {
      "top_k": 6,
      "cv_r2_mean": 0.46816877540643753,
      "cv_r2_std": 0.0735241702828272,
      "folds": [
        0.5060987677757052,
        0.564738576558564,
        0.43103288218869273,
        0.37080487510278803
      ]
    },
    {
      "top_k": 8,
      "cv_r2_mean": 0.5528361209977981,
      "cv_r2_std": 0.11529086305506402,
      "folds": [
        0.7406724676369869,
        0.5016097867623146,
        0.5389836364707625,
        0.4300785931211283
      ]
    }
  ],
  "cv_best_mean_r2": 0.5528361209977981,
  "train_metrics": {
    "n": 143,
    "r2": 0.7029504263414179,
    "rmse": 1.284402669543801,
    "mae": 0.9558755555901599
  },
  "test_metrics": {
    "n": 50,
    "r2": 0.6217051454005622,
    "rmse": 1.1808498293625829,
    "mae": 0.9489533235262431
  },
  "elapsed_sec": 213.9
}