{
  "label": "acidic_imidazole_like",
  "mode": "direct",
  "criterion": "bic",
  "max_complexity": 20,
  "corr_threshold": 0.95,
  "n_features_pruned_pool": 708,
  "chosen_top_k": 4,
  "selected_features": [
    "rc_decay_q",
    "rc_q_center",
    "ATSC8d",
    "GATS6v"
  ],
  "edge_count": 5,
  "sympy_ops": 8,
  "formula": "8.092 - 3.142*tanh(log(12.73*rc_decay_q + 27.86*rc_q_center + 10.01))",
  "cv_selection": [
    {
      "top_k": 4,
      "cv_r2_mean": 0.599544552869781,
      "cv_r2_std": 0.10792920795697294,
      "folds": [
        0.6664835627686985,
        0.7360455507840362,
        0.5351580717914205,
        0.46049102613496895
      ]
    },
    {
      "top_k": 6,
      "cv_r2_mean": 0.5010686206702215,
      "cv_r2_std": 0.07094445954591994,
      "folds": [
        0.608038738954493,
        0.4391971133364657,
        0.5223646877028787,
        0.4346739426870486
      ]
    },
    {
      "top_k": 8,
      "cv_r2_mean": 0.6185760652630405,
      "cv_r2_std": 0.06086209849590488,
      "folds": [
        0.7162831223112881,
        0.5781884791182823,
        0.558323663341503,
        0.6215089962810891
      ]
    }
  ],
  "cv_best_mean_r2": 0.6185760652630405,
  "train_metrics": {
    "n": 84,
    "r2": 0.6468684510590808,
    "rmse": 1.3280928956069757,
    "mae": 1.0003619275632858
  },
  "test_metrics": {
    "n": 23,
    "r2": -0.42050434301205164,
    "rmse": 2.2101602465861827,
    "mae": 1.7605549211752258
  },
  "elapsed_sec": 211.0
}