{
  "label": "acidic_thiol",
  "mode": "direct",
  "criterion": "bic",
  "max_complexity": 20,
  "corr_threshold": 0.95,
  "n_features_pruned_pool": 732,
  "chosen_top_k": 4,
  "selected_features": [
    "rc_q_center",
    "GATS4c",
    "MaxPartialCharge",
    "MATS4c"
  ],
  "edge_count": 13,
  "sympy_ops": 32,
  "formula": "1.196 - 7.789*tanh((-12.27*rc_q_center - 0.5355)*(28.01*rc_q_center + 2.054)*(-2.455*MaxPartialCharge + exp(-2.0*(2.522*MaxPartialCharge - 1.215)**2 - 2.0*(1.739*rc_q_center + 0.1117 + exp(-2.0*(-23.66*rc_q_center - 4.854)**2))**2) + 0.3836))",
  "cv_selection": [
    {
      "top_k": 4,
      "cv_r2_mean": 0.6503052254024428,
      "cv_r2_std": 0.034093236063605835,
      "folds": [
        0.6398490722732654,
        0.6351182320124849,
        0.7077397653475308,
        0.6185138319764907
      ]
    },
    {
      "top_k": 6,
      "cv_r2_mean": 0.6173380343059303,
      "cv_r2_std": 0.058165314110578584,
      "folds": [
        0.6238727984189174,
        0.5333349156978897,
        0.6975023636793818,
        0.6146420594275323
      ]
    },
    {
      "top_k": 8,
      "cv_r2_mean": 0.6946002646900706,
      "cv_r2_std": 0.20059708806073104,
      "folds": [
        0.7910098339249607,
        0.852249594524739,
        0.7849825082840001,
        0.3501591220265827
      ]
    }
  ],
  "cv_best_mean_r2": 0.6946002646900706,
  "train_metrics": {
    "n": 79,
    "r2": 0.8741839697423786,
    "rmse": 1.1356440888434562,
    "mae": 0.873232511869626
  },
  "test_metrics": {
    "n": 19,
    "r2": 0.1985035708508046,
    "rmse": 2.8870425128248467,
    "mae": 1.7597052437734473
  },
  "elapsed_sec": 223.0
}