{
  "label": "basic_imidazole_like",
  "mode": "direct",
  "criterion": "bic",
  "max_complexity": 20,
  "corr_threshold": 0.95,
  "n_features_pruned_pool": 29,
  "chosen_top_k": 6,
  "selected_features": [
    "rc_decay_q",
    "rc_estate_center",
    "rc_decay_edg",
    "rc_estate_r2_sum",
    "rc_decay_en",
    "rc_q_r1_sum"
  ],
  "edge_count": 14,
  "sympy_ops": 29,
  "formula": "-16.34*rc_decay_q - 11.93*rc_q_r1_sum - 7.686*(-0.7151*rc_decay_edg - 0.2413)*(0.08044*rc_estate_r2_sum - 0.5515 + 9.041*exp(-0.4325*rc_decay_en)) - 7.686*exp(-2.0*(3.31 - 0.2639*rc_estate_r2_sum)**2 - 2.0*(0.3641*rc_decay_en - 4.295)**2) + 5.862",
  "cv_selection": [
    {
      "top_k": 4,
      "cv_r2_mean": 0.36151626079857135,
      "cv_r2_std": 0.07305446902316443,
      "folds": [
        0.45899448079428107,
        0.27733317691047965,
        0.30654351054891105,
        0.40319387494061365
      ]
    },
    {
      "top_k": 6,
      "cv_r2_mean": 0.6436449779383527,
      "cv_r2_std": 0.08148268181709682,
      "folds": [
        0.6786649300391485,
        0.7149527020930533,
        0.505059439387898,
        0.675902840233311
      ]
    },
    {
      "top_k": 8,
      "cv_r2_mean": 0.5892579199328937,
      "cv_r2_std": 0.11037297345742053,
      "folds": [
        0.6537088067492368,
        0.737157349841614,
        0.4918658815733805,
        0.47429964156734317
      ]
    }
  ],
  "cv_best_mean_r2": 0.6436449779383527,
  "train_metrics": {
    "n": 143,
    "r2": 0.7632223250275572,
    "rmse": 1.1467192648587816,
    "mae": 0.8974998808723436
  },
  "test_metrics": {
    "n": 50,
    "r2": 0.6372722477523161,
    "rmse": 1.1562981914724904,
    "mae": 0.8693496126392398
  },
  "elapsed_sec": 231.2
}