model,test_r2,test_rmse,test_mae,n_features,complexity_ops,type
lightgbm,0.8356356748785095,1.3746311538315092,0.8681075008115618,1133,,GBM baseline
xgboost,0.8289362494684014,1.402366073587183,0.873643584616044,1133,,GBM baseline
catboost,0.8096537022865646,1.479294419401648,0.9724494613677722,1133,,GBM baseline
random_forest,0.776252511286015,1.6038416470862156,1.0010021060275958,1133,,GBM baseline
QLattice (direct),0.44789232028294723,2.5193835880305375,1.8258220753832979,8,49,symbolic
QLattice (distilled),0.34983490010305673,2.7339730456623994,2.0366412549098056,8,39,symbolic
elasticnet,-0.1490716964098839,3.634594503920248,1.510120813724756,1133,,GBM baseline
